1;1990;1;106
1;1990;2;60
1;1990;3;94
1;1990;4;31
1;1990;5;37
1;1990;6;116
1;1990;7;128
1;1990;8;49
1;1990;9;119
1;1990;10;36
1;1990;11;81
1;1990;12;96
1;1991;1;80
1;1991;2;99
1;1991;3;40
1;1991;4;70
1;1991;5;101
1;1991;6;63
1;1991;7;74
1;1991;8;77
1;1991;9;106
1;1991;10;108
1;1991;11;31
1;1991;12;60
1;1992;1;77
1;1992;2;63
1;1992;3;106
1;1992;4;116
1;1992;5;124
1;1992;6;37
1;1992;7;124
1;1992;8;112
1;1992;9;119
1;1992;10;108
1;1992;11;64
1;1992;12;105
1;1993;1;87
1;1993;2;66
1;1993;3;121
1;1993;4;46
1;1993;5;109
1;1993;6;113
1;1993;7;51
1;1993;8;56
1;1993;9;83
1;1993;10;79
1;1993;11;34
1;1993;12;122
1;1994;1;129
1;1994;2;81
1;1994;3;119
1;1994;4;119
1;1994;5;57
1;1994;6;93
1;1994;7;90
1;1994;8;47
1;1994;9;68
1;1994;10;90
1;1994;11;75
1;1994;12;100
1;1995;1;103
1;1995;2;64
1;1995;3;36
1;1995;4;96
1;1995;5;90
1;1995;6;71
1;1995;7;80
1;1995;8;78
1;1995;9;107
1;1995;10;120
1;1995;11;44
1;1995;12;89
1;1996;1;108
1;1996;2;114
1;1996;3;46
1;1996;4;74
1;1996;5;103
1;1996;6;53
1;1996;7;106
1;1996;8;35
1;1996;9;98
1;1996;10;101
1;1996;11;69
1;1996;12;91
1;1997;1;109
1;1997;2;102
1;1997;3;58
1;1997;4;48
1;1997;5;116
1;1997;6;126
1;1997;7;36
1;1997;8;119
1;1997;9;58
1;1997;10;80
1;1997;11;119
1;1997;12;44
1;1998;1;83
1;1998;2;47
1;1998;3;75
1;1998;4;126
1;1998;5;100
1;1998;6;75
1;1998;7;82
1;1998;8;46
1;1998;9;83
1;1998;10;104
1;1998;11;127
1;1998;12;41
1;1999;1;52
1;1999;2;86
1;1999;3;121
1;1999;4;58
1;1999;5;105
1;1999;6;93
1;1999;7;69
1;1999;8;107
1;1999;9;111
1;1999;10;34
1;1999;11;67
1;1999;12;110
1;2000;1;40
1;2000;2;88
1;2000;3;69
1;2000;4;88
1;2000;5;125
1;2000;6;31
1;2000;7;68
1;2000;8;124
1;2000;9;104
1;2000;10;103
1;2000;11;64
1;2000;12;42
1;2001;1;85
1;2001;2;116
1;2001;3;67
1;2001;4;31
1;2001;5;123
1;2001;6;74
1;2001;7;35
1;2001;8;122
1;2001;9;116
1;2001;10;41
1;2001;11;38
1;2001;12;101
1;2002;1;52
1;2002;2;40
1;2002;3;72
1;2002;4;47
1;2002;5;103
1;2002;6;93
1;2002;7;34
1;2002;8;118
1;2002;9;51
1;2002;10;112
1;2002;11;115
1;2002;12;43
1;2003;1;68
1;2003;2;57
1;2003;3;81
1;2003;4;101
1;2003;5;76
1;2003;6;36
1;2003;7;114
1;2003;8;71
1;2003;9;34
1;2003;10;91
1;2003;11;57
1;2003;12;48
1;2004;1;109
1;2004;2;48
1;2004;3;45
1;2004;4;79
1;2004;5;51
1;2004;6;123
1;2004;7;57
1;2004;8;40
1;2004;9;71
1;2004;10;107
1;2004;11;99
1;2004;12;103
1;2005;1;107
1;2005;2;113
1;2005;3;82
1;2005;4;76
1;2005;5;35
1;2005;6;125
1;2005;7;61
1;2005;8;116
1;2005;9;102
1;2005;10;118
1;2005;11;107
1;2005;12;93
1;2006;1;125
1;2006;2;66
1;2006;3;105
1;2006;4;82
1;2006;5;121
1;2006;6;102
1;2006;7;60
1;2006;8;60
1;2006;9;86
1;2006;10;30
1;2006;11;92
1;2006;12;108
1;2007;1;111
1;2007;2;82
1;2007;3;61
1;2007;4;91
1;2007;5;100
1;2007;6;42
1;2007;7;60
1;2007;8;43
1;2007;9;106
1;2007;10;52
1;2007;11;38
1;2007;12;115
1;2008;1;91
1;2008;2;52
1;2008;3;74
1;2008;4;74
1;2008;5;91
1;2008;6;50
1;2008;7;88
1;2008;8;34
1;2008;9;34
1;2008;10;110
1;2008;11;127
1;2008;12;83
1;2009;1;81
1;2009;2;46
1;2009;3;53
1;2009;4;127
1;2009;5;108
1;2009;6;118
1;2009;7;70
1;2009;8;72
1;2009;9;56
1;2009;10;107
1;2009;11;116
1;2009;12;103
1;2010;1;33
1;2010;2;46
1;2010;3;60
1;2010;4;119
1;2010;5;35
1;2010;6;127
1;2010;7;53
1;2010;8;68
1;2010;9;81
1;2010;10;104
1;2010;11;89
1;2010;12;59
2;1990;1;47
2;1990;2;83
2;1990;3;103
2;1990;4;74
2;1990;5;119
2;1990;6;37
2;1990;7;74
2;1990;8;108
2;1990;9;65
2;1990;10;47
2;1990;11;47
2;1990;12;58
2;1991;1;122
2;1991;2;102
2;1991;3;58
2;1991;4;122
2;1991;5;53
2;1991;6;61
2;1991;7;118
2;1991;8;49
2;1991;9;85
2;1991;10;71
2;1991;11;81
2;1991;12;66
2;1992;1;52
2;1992;2;46
2;1992;3;106
2;1992;4;65
2;1992;5;67
2;1992;6;44
2;1992;7;38
2;1992;8;32
2;1992;9;51
2;1992;10;35
2;1992;11;86
2;1992;12;55
2;1993;1;59
2;1993;2;33
2;1993;3;61
2;1993;4;72
2;1993;5;126
2;1993;6;91
2;1993;7;105
2;1993;8;108
2;1993;9;58
2;1993;10;74
2;1993;11;39
2;1993;12;107
2;1994;1;40
2;1994;2;102
2;1994;3;43
2;1994;4;129
2;1994;5;96
2;1994;6;35
2;1994;7;54
2;1994;8;100
2;1994;9;100
2;1994;10;63
2;1994;11;37
2;1994;12;93
2;1995;1;85
2;1995;2;31
2;1995;3;122
2;1995;4;69
2;1995;5;62
2;1995;6;57
2;1995;7;34
2;1995;8;90
2;1995;9;98
2;1995;10;115
2;1995;11;45
2;1995;12;113
2;1996;1;95
2;1996;2;71
2;1996;3;66
2;1996;4;127
2;1996;5;57
2;1996;6;62
2;1996;7;77
2;1996;8;84
2;1996;9;91
2;1996;10;49
2;1996;11;35
2;1996;12;46
2;1997;1;63
2;1997;2;97
2;1997;3;31
2;1997;4;108
2;1997;5;106
2;1997;6;90
2;1997;7;83
2;1997;8;63
2;1997;9;88
2;1997;10;105
2;1997;11;129
2;1997;12;45
2;1998;1;86
2;1998;2;76
2;1998;3;97
2;1998;4;104
2;1998;5;76
2;1998;6;115
2;1998;7;103
2;1998;8;68
2;1998;9;111
2;1998;10;125
2;1998;11;71
2;1998;12;34
2;1999;1;66
2;1999;2;82
2;1999;3;61
2;1999;4;59
2;1999;5;37
2;1999;6;90
2;1999;7;80
2;1999;8;91
2;1999;9;119
2;1999;10;63
2;1999;11;31
2;1999;12;80
2;2000;1;108
2;2000;2;49
2;2000;3;102
2;2000;4;113
2;2000;5;102
2;2000;6;74
2;2000;7;78
2;2000;8;74
2;2000;9;92
2;2000;10;124
2;2000;11;80
2;2000;12;61
2;2001;1;45
2;2001;2;110
2;2001;3;34
2;2001;4;112
2;2001;5;103
2;2001;6;115
2;2001;7;62
2;2001;8;93
2;2001;9;72
2;2001;10;127
2;2001;11;39
2;2001;12;126
2;2002;1;88
2;2002;2;127
2;2002;3;96
2;2002;4;95
2;2002;5;71
2;2002;6;57
2;2002;7;71
2;2002;8;44
2;2002;9;93
2;2002;10;62
2;2002;11;98
2;2002;12;85
2;2003;1;129
2;2003;2;125
2;2003;3;43
2;2003;4;78
2;2003;5;89
2;2003;6;124
2;2003;7;120
2;2003;8;64
2;2003;9;128
2;2003;10;55
2;2003;11;59
2;2003;12;48
2;2004;1;106
2;2004;2;72
2;2004;3;73
2;2004;4;58
2;2004;5;84
2;2004;6;104
2;2004;7;86
2;2004;8;117
2;2004;9;65
2;2004;10;66
2;2004;11;34
2;2004;12;107
2;2005;1;55
2;2005;2;39
2;2005;3;35
2;2005;4;49
2;2005;5;89
2;2005;6;115
2;2005;7;80
2;2005;8;32
2;2005;9;38
2;2005;10;95
2;2005;11;45
2;2005;12;112
2;2006;1;35
2;2006;2;109
2;2006;3;77
2;2006;4;82
2;2006;5;126
2;2006;6;125
2;2006;7;86
2;2006;8;52
2;2006;9;46
2;2006;10;120
2;2006;11;74
2;2006;12;89
2;2007;1;86
2;2007;2;117
2;2007;3;84
2;2007;4;43
2;2007;5;90
2;2007;6;101
2;2007;7;126
2;2007;8;75
2;2007;9;87
2;2007;10;112
2;2007;11;110
2;2007;12;101
2;2008;1;104
2;2008;2;105
2;2008;3;57
2;2008;4;42
2;2008;5;57
2;2008;6;61
2;2008;7;65
2;2008;8;79
2;2008;9;47
2;2008;10;42
2;2008;11;43
2;2008;12;117
2;2009;1;110
2;2009;2;85
2;2009;3;59
2;2009;4;58
2;2009;5;55
2;2009;6;79
2;2009;7;82
2;2009;8;118
2;2009;9;35
2;2009;10;101
2;2009;11;75
2;2009;12;113
2;2010;1;101
2;2010;2;52
2;2010;3;34
2;2010;4;39
2;2010;5;123
2;2010;6;95
2;2010;7;58
2;2010;8;34
2;2010;9;125
2;2010;10;95
2;2010;11;77
2;2010;12;59
3;1990;1;104
3;1990;2;112
3;1990;3;31
3;1990;4;38
3;1990;5;123
3;1990;6;52
3;1990;7;55
3;1990;8;123
3;1990;9;89
3;1990;10;66
3;1990;11;121
3;1990;12;79
3;1991;1;38
3;1991;2;40
3;1991;3;37
3;1991;4;93
3;1991;5;129
3;1991;6;41
3;1991;7;52
3;1991;8;110
3;1991;9;71
3;1991;10;66
3;1991;11;36
3;1991;12;102
3;1992;1;78
3;1992;2;109
3;1992;3;82
3;1992;4;128
3;1992;5;86
3;1992;6;45
3;1992;7;123
3;1992;8;40
3;1992;9;99
3;1992;10;51
3;1992;11;33
3;1992;12;111
3;1993;1;82
3;1993;2;42
3;1993;3;85
3;1993;4;101
3;1993;5;38
3;1993;6;44
3;1993;7;42
3;1993;8;67
3;1993;9;121
3;1993;10;55
3;1993;11;83
3;1993;12;42
3;1994;1;53
3;1994;2;112
3;1994;3;63
3;1994;4;126
3;1994;5;95
3;1994;6;78
3;1994;7;84
3;1994;8;102
3;1994;9;115
3;1994;10;89
3;1994;11;88
3;1994;12;93
3;1995;1;107
3;1995;2;71
3;1995;3;73
3;1995;4;60
3;1995;5;114
3;1995;6;88
3;1995;7;88
3;1995;8;72
3;1995;9;104
3;1995;10;48
3;1995;11;122
3;1995;12;64
3;1996;1;108
3;1996;2;31
3;1996;3;61
3;1996;4;77
3;1996;5;129
3;1996;6;49
3;1996;7;58
3;1996;8;94
3;1996;9;95
3;1996;10;61
3;1996;11;71
3;1996;12;30
3;1997;1;95
3;1997;2;84
3;1997;3;129
3;1997;4;60
3;1997;5;56
3;1997;6;88
3;1997;7;109
3;1997;8;128
3;1997;9;99
3;1997;10;57
3;1997;11;42
3;1997;12;75
3;1998;1;64
3;1998;2;57
3;1998;3;129
3;1998;4;102
3;1998;5;64
3;1998;6;43
3;1998;7;74
3;1998;8;119
3;1998;9;66
3;1998;10;66
3;1998;11;124
3;1998;12;41
3;1999;1;81
3;1999;2;79
3;1999;3;43
3;1999;4;107
3;1999;5;42
3;1999;6;90
3;1999;7;78
3;1999;8;83
3;1999;9;39
3;1999;10;47
3;1999;11;62
3;1999;12;76
3;2000;1;66
3;2000;2;76
3;2000;3;51
3;2000;4;128
3;2000;5;68
3;2000;6;124
3;2000;7;121
3;2000;8;69
3;2000;9;101
3;2000;10;34
3;2000;11;30
3;2000;12;129
3;2001;1;68
3;2001;2;107
3;2001;3;122
3;2001;4;45
3;2001;5;83
3;2001;6;79
3;2001;7;103
3;2001;8;49
3;2001;9;87
3;2001;10;96
3;2001;11;119
3;2001;12;68
3;2002;1;57
3;2002;2;85
3;2002;3;128
3;2002;4;67
3;2002;5;92
3;2002;6;106
3;2002;7;106
3;2002;8;116
3;2002;9;113
3;2002;10;49
3;2002;11;111
3;2002;12;97
3;2003;1;104
3;2003;2;93
3;2003;3;120
3;2003;4;51
3;2003;5;50
3;2003;6;79
3;2003;7;34
3;2003;8;30
3;2003;9;123
3;2003;10;79
3;2003;11;129
3;2003;12;78
3;2004;1;127
3;2004;2;48
3;2004;3;59
3;2004;4;75
3;2004;5;73
3;2004;6;101
3;2004;7;78
3;2004;8;100
3;2004;9;48
3;2004;10;82
3;2004;11;121
3;2004;12;127
3;2005;1;61
3;2005;2;114
3;2005;3;40
3;2005;4;106
3;2005;5;38
3;2005;6;60
3;2005;7;30
3;2005;8;38
3;2005;9;129
3;2005;10;111
3;2005;11;39
3;2005;12;48
3;2006;1;68
3;2006;2;61
3;2006;3;97
3;2006;4;124
3;2006;5;111
3;2006;6;125
3;2006;7;32
3;2006;8;45
3;2006;9;76
3;2006;10;73
3;2006;11;71
3;2006;12;78
3;2007;1;72
3;2007;2;66
3;2007;3;58
3;2007;4;40
3;2007;5;67
3;2007;6;56
3;2007;7;46
3;2007;8;73
3;2007;9;31
3;2007;10;36
3;2007;11;81
3;2007;12;98
3;2008;1;75
3;2008;2;129
3;2008;3;118
3;2008;4;103
3;2008;5;76
3;2008;6;56
3;2008;7;43
3;2008;8;89
3;2008;9;94
3;2008;10;117
3;2008;11;93
3;2008;12;54
3;2009;1;60
3;2009;2;64
3;2009;3;122
3;2009;4;57
3;2009;5;79
3;2009;6;126
3;2009;7;92
3;2009;8;124
3;2009;9;109
3;2009;10;36
3;2009;11;72
3;2009;12;56
3;2010;1;72
3;2010;2;81
3;2010;3;55
3;2010;4;72
3;2010;5;100
3;2010;6;57
3;2010;7;50
3;2010;8;43
3;2010;9;81
3;2010;10;101
3;2010;11;65
3;2010;12;108
4;1990;1;76
4;1990;2;53
4;1990;3;44
4;1990;4;63
4;1990;5;100
4;1990;6;63
4;1990;7;123
4;1990;8;67
4;1990;9;43
4;1990;10;111
4;1990;11;73
4;1990;12;58
4;1991;1;126
4;1991;2;84
4;1991;3;94
4;1991;4;54
4;1991;5;102
4;1991;6;127
4;1991;7;70
4;1991;8;59
4;1991;9;70
4;1991;10;103
4;1991;11;75
4;1991;12;110
4;1992;1;124
4;1992;2;86
4;1992;3;107
4;1992;4;86
4;1992;5;62
4;1992;6;129
4;1992;7;88
4;1992;8;117
4;1992;9;31
4;1992;10;104
4;1992;11;126
4;1992;12;50
4;1993;1;118
4;1993;2;73
4;1993;3;73
4;1993;4;53
4;1993;5;101
4;1993;6;39
4;1993;7;45
4;1993;8;51
4;1993;9;30
4;1993;10;65
4;1993;11;78
4;1993;12;70
4;1994;1;129
4;1994;2;79
4;1994;3;128
4;1994;4;111
4;1994;5;121
4;1994;6;100
4;1994;7;43
4;1994;8;125
4;1994;9;53
4;1994;10;49
4;1994;11;56
4;1994;12;51
4;1995;1;60
4;1995;2;71
4;1995;3;57
4;1995;4;118
4;1995;5;109
4;1995;6;100
4;1995;7;111
4;1995;8;73
4;1995;9;61
4;1995;10;33
4;1995;11;77
4;1995;12;47
4;1996;1;92
4;1996;2;84
4;1996;3;97
4;1996;4;69
4;1996;5;95
4;1996;6;112
4;1996;7;61
4;1996;8;65
4;1996;9;105
4;1996;10;82
4;1996;11;104
4;1996;12;68
4;1997;1;107
4;1997;2;34
4;1997;3;56
4;1997;4;43
4;1997;5;60
4;1997;6;31
4;1997;7;48
4;1997;8;35
4;1997;9;75
4;1997;10;61
4;1997;11;64
4;1997;12;66
4;1998;1;98
4;1998;2;125
4;1998;3;41
4;1998;4;100
4;1998;5;111
4;1998;6;113
4;1998;7;41
4;1998;8;85
4;1998;9;104
4;1998;10;56
4;1998;11;128
4;1998;12;41
4;1999;1;77
4;1999;2;30
4;1999;3;37
4;1999;4;39
4;1999;5;127
4;1999;6;84
4;1999;7;42
4;1999;8;40
4;1999;9;103
4;1999;10;81
4;1999;11;90
4;1999;12;54
4;2000;1;115
4;2000;2;33
4;2000;3;77
4;2000;4;64
4;2000;5;50
4;2000;6;69
4;2000;7;124
4;2000;8;63
4;2000;9;53
4;2000;10;102
4;2000;11;55
4;2000;12;119
4;2001;1;105
4;2001;2;128
4;2001;3;71
4;2001;4;87
4;2001;5;52
4;2001;6;62
4;2001;7;60
4;2001;8;56
4;2001;9;89
4;2001;10;51
4;2001;11;64
4;2001;12;30
4;2002;1;31
4;2002;2;86
4;2002;3;68
4;2002;4;75
4;2002;5;85
4;2002;6;84
4;2002;7;52
4;2002;8;129
4;2002;9;101
4;2002;10;37
4;2002;11;81
4;2002;12;76
4;2003;1;52
4;2003;2;66
4;2003;3;82
4;2003;4;89
4;2003;5;76
4;2003;6;52
4;2003;7;58
4;2003;8;69
4;2003;9;33
4;2003;10;76
4;2003;11;127
4;2003;12;76
4;2004;1;38
4;2004;2;115
4;2004;3;43
4;2004;4;47
4;2004;5;103
4;2004;6;122
4;2004;7;127
4;2004;8;104
4;2004;9;90
4;2004;10;82
4;2004;11;106
4;2004;12;50
4;2005;1;55
4;2005;2;85
4;2005;3;100
4;2005;4;53
4;2005;5;129
4;2005;6;52
4;2005;7;81
4;2005;8;70
4;2005;9;35
4;2005;10;79
4;2005;11;68
4;2005;12;114
4;2006;1;112
4;2006;2;125
4;2006;3;75
4;2006;4;113
4;2006;5;53
4;2006;6;60
4;2006;7;46
4;2006;8;96
4;2006;9;55
4;2006;10;124
4;2006;11;125
4;2006;12;92
4;2007;1;104
4;2007;2;78
4;2007;3;31
4;2007;4;39
4;2007;5;86
4;2007;6;46
4;2007;7;106
4;2007;8;44
4;2007;9;34
4;2007;10;102
4;2007;11;31
4;2007;12;46
4;2008;1;49
4;2008;2;115
4;2008;3;45
4;2008;4;92
4;2008;5;80
4;2008;6;67
4;2008;7;80
4;2008;8;65
4;2008;9;47
4;2008;10;127
4;2008;11;44
4;2008;12;85
4;2009;1;36
4;2009;2;57
4;2009;3;90
4;2009;4;94
4;2009;5;81
4;2009;6;113
4;2009;7;57
4;2009;8;111
4;2009;9;124
4;2009;10;62
4;2009;11;117
4;2009;12;35
4;2010;1;82
4;2010;2;40
4;2010;3;103
4;2010;4;84
4;2010;5;47
4;2010;6;107
4;2010;7;77
4;2010;8;122
4;2010;9;98
4;2010;10;127
4;2010;11;128
4;2010;12;126
5;1990;1;43
5;1990;2;103
5;1990;3;50
5;1990;4;52
5;1990;5;102
5;1990;6;93
5;1990;7;60
5;1990;8;126
5;1990;9;31
5;1990;10;98
5;1990;11;114
5;1990;12;109
5;1991;1;47
5;1991;2;120
5;1991;3;55
5;1991;4;89
5;1991;5;60
5;1991;6;59
5;1991;7;84
5;1991;8;100
5;1991;9;43
5;1991;10;54
5;1991;11;55
5;1991;12;120
5;1992;1;68
5;1992;2;57
5;1992;3;49
5;1992;4;73
5;1992;5;106
5;1992;6;53
5;1992;7;97
5;1992;8;128
5;1992;9;114
5;1992;10;101
5;1992;11;128
5;1992;12;98
5;1993;1;112
5;1993;2;93
5;1993;3;121
5;1993;4;79
5;1993;5;50
5;1993;6;42
5;1993;7;125
5;1993;8;36
5;1993;9;129
5;1993;10;86
5;1993;11;113
5;1993;12;49
5;1994;1;56
5;1994;2;81
5;1994;3;43
5;1994;4;40
5;1994;5;95
5;1994;6;65
5;1994;7;40
5;1994;8;90
5;1994;9;47
5;1994;10;71
5;1994;11;104
5;1994;12;128
5;1995;1;50
5;1995;2;42
5;1995;3;91
5;1995;4;103
5;1995;5;46
5;1995;6;99
5;1995;7;45
5;1995;8;89
5;1995;9;97
5;1995;10;58
5;1995;11;102
5;1995;12;120
5;1996;1;87
5;1996;2;94
5;1996;3;127
5;1996;4;30
5;1996;5;92
5;1996;6;84
5;1996;7;118
5;1996;8;98
5;1996;9;83
5;1996;10;122
5;1996;11;41
5;1996;12;85
5;1997;1;109
5;1997;2;109
5;1997;3;105
5;1997;4;125
5;1997;5;112
5;1997;6;65
5;1997;7;120
5;1997;8;125
5;1997;9;68
5;1997;10;53
5;1997;11;30
5;1997;12;46
5;1998;1;84
5;1998;2;105
5;1998;3;38
5;1998;4;80
5;1998;5;42
5;1998;6;109
5;1998;7;121
5;1998;8;70
5;1998;9;90
5;1998;10;104
5;1998;11;45
5;1998;12;95
5;1999;1;64
5;1999;2;124
5;1999;3;30
5;1999;4;71
5;1999;5;41
5;1999;6;63
5;1999;7;85
5;1999;8;34
5;1999;9;46
5;1999;10;48
5;1999;11;101
5;1999;12;47
5;2000;1;114
5;2000;2;91
5;2000;3;49
5;2000;4;117
5;2000;5;109
5;2000;6;65
5;2000;7;116
5;2000;8;120
5;2000;9;58
5;2000;10;99
5;2000;11;104
5;2000;12;129
5;2001;1;58
5;2001;2;100
5;2001;3;92
5;2001;4;94
5;2001;5;76
5;2001;6;46
5;2001;7;87
5;2001;8;128
5;2001;9;115
5;2001;10;88
5;2001;11;99
5;2001;12;65
5;2002;1;99
5;2002;2;123
5;2002;3;108
5;2002;4;58
5;2002;5;64
5;2002;6;43
5;2002;7;107
5;2002;8;72
5;2002;9;96
5;2002;10;70
5;2002;11;66
5;2002;12;123
5;2003;1;99
5;2003;2;94
5;2003;3;117
5;2003;4;87
5;2003;5;107
5;2003;6;75
5;2003;7;89
5;2003;8;59
5;2003;9;46
5;2003;10;56
5;2003;11;76
5;2003;12;78
5;2004;1;129
5;2004;2;107
5;2004;3;106
5;2004;4;117
5;2004;5;35
5;2004;6;63
5;2004;7;63
5;2004;8;91
5;2004;9;65
5;2004;10;109
5;2004;11;47
5;2004;12;84
5;2005;1;42
5;2005;2;104
5;2005;3;121
5;2005;4;105
5;2005;5;93
5;2005;6;113
5;2005;7;83
5;2005;8;64
5;2005;9;122
5;2005;10;82
5;2005;11;110
5;2005;12;80
5;2006;1;95
5;2006;2;40
5;2006;3;54
5;2006;4;129
5;2006;5;97
5;2006;6;125
5;2006;7;31
5;2006;8;104
5;2006;9;74
5;2006;10;126
5;2006;11;127
5;2006;12;36
5;2007;1;58
5;2007;2;108
5;2007;3;90
5;2007;4;47
5;2007;5;85
5;2007;6;52
5;2007;7;119
5;2007;8;87
5;2007;9;79
5;2007;10;58
5;2007;11;31
5;2007;12;62
5;2008;1;80
5;2008;2;33
5;2008;3;80
5;2008;4;100
5;2008;5;59
5;2008;6;109
5;2008;7;50
5;2008;8;114
5;2008;9;45
5;2008;10;124
5;2008;11;65
5;2008;12;89
5;2009;1;57
5;2009;2;40
5;2009;3;93
5;2009;4;106
5;2009;5;50
5;2009;6;32
5;2009;7;54
5;2009;8;38
5;2009;9;115
5;2009;10;40
5;2009;11;53
5;2009;12;52
5;2010;1;41
5;2010;2;102
5;2010;3;73
5;2010;4;124
5;2010;5;52
5;2010;6;87
5;2010;7;66
5;2010;8;126
5;2010;9;126
5;2010;10;42
5;2010;11;88
5;2010;12;45
6;1990;1;100
6;1990;2;104
6;1990;3;84
6;1990;4;31
6;1990;5;77
6;1990;6;87
6;1990;7;64
6;1990;8;57
6;1990;9;37
6;1990;10;122
6;1990;11;49
6;1990;12;41
6;1991;1;50
6;1991;2;111
6;1991;3;103
6;1991;4;51
6;1991;5;112
6;1991;6;83
6;1991;7;85
6;1991;8;41
6;1991;9;83
6;1991;10;103
6;1991;11;66
6;1991;12;76
6;1992;1;48
6;1992;2;84
6;1992;3;46
6;1992;4;112
6;1992;5;64
6;1992;6;87
6;1992;7;35
6;1992;8;78
6;1992;9;129
6;1992;10;69
6;1992;11;41
6;1992;12;117
6;1993;1;38
6;1993;2;91
6;1993;3;96
6;1993;4;117
6;1993;5;52
6;1993;6;92
6;1993;7;109
6;1993;8;59
6;1993;9;117
6;1993;10;89
6;1993;11;71
6;1993;12;68
6;1994;1;36
6;1994;2;63
6;1994;3;64
6;1994;4;82
6;1994;5;111
6;1994;6;51
6;1994;7;93
6;1994;8;37
6;1994;9;124
6;1994;10;129
6;1994;11;108
6;1994;12;46
6;1995;1;119
6;1995;2;60
6;1995;3;30
6;1995;4;68
6;1995;5;67
6;1995;6;84
6;1995;7;47
6;1995;8;85
6;1995;9;49
6;1995;10;48
6;1995;11;78
6;1995;12;62
6;1996;1;40
6;1996;2;117
6;1996;3;80
6;1996;4;52
6;1996;5;33
6;1996;6;69
6;1996;7;105
6;1996;8;99
6;1996;9;103
6;1996;10;76
6;1996;11;65
6;1996;12;91
6;1997;1;56
6;1997;2;68
6;1997;3;87
6;1997;4;100
6;1997;5;33
6;1997;6;71
6;1997;7;50
6;1997;8;46
6;1997;9;41
6;1997;10;101
6;1997;11;82
6;1997;12;54
6;1998;1;67
6;1998;2;72
6;1998;3;65
6;1998;4;111
6;1998;5;124
6;1998;6;48
6;1998;7;67
6;1998;8;63
6;1998;9;129
6;1998;10;31
6;1998;11;100
6;1998;12;109
6;1999;1;55
6;1999;2;45
6;1999;3;67
6;1999;4;99
6;1999;5;121
6;1999;6;61
6;1999;7;120
6;1999;8;127
6;1999;9;40
6;1999;10;46
6;1999;11;46
6;1999;12;45
6;2000;1;66
6;2000;2;106
6;2000;3;55
6;2000;4;90
6;2000;5;129
6;2000;6;122
6;2000;7;71
6;2000;8;82
6;2000;9;78
6;2000;10;124
6;2000;11;35
6;2000;12;117
6;2001;1;95
6;2001;2;41
6;2001;3;118
6;2001;4;58
6;2001;5;90
6;2001;6;95
6;2001;7;112
6;2001;8;113
6;2001;9;62
6;2001;10;93
6;2001;11;42
6;2001;12;43
6;2002;1;33
6;2002;2;72
6;2002;3;62
6;2002;4;123
6;2002;5;42
6;2002;6;81
6;2002;7;42
6;2002;8;39
6;2002;9;113
6;2002;10;55
6;2002;11;125
6;2002;12;128
6;2003;1;38
6;2003;2;92
6;2003;3;98
6;2003;4;72
6;2003;5;77
6;2003;6;92
6;2003;7;123
6;2003;8;102
6;2003;9;84
6;2003;10;84
6;2003;11;96
6;2003;12;98
6;2004;1;66
6;2004;2;45
6;2004;3;69
6;2004;4;107
6;2004;5;86
6;2004;6;83
6;2004;7;88
6;2004;8;80
6;2004;9;45
6;2004;10;96
6;2004;11;121
6;2004;12;107
6;2005;1;41
6;2005;2;78
6;2005;3;62
6;2005;4;91
6;2005;5;107
6;2005;6;45
6;2005;7;59
6;2005;8;35
6;2005;9;104
6;2005;10;63
6;2005;11;109
6;2005;12;61
6;2006;1;113
6;2006;2;124
6;2006;3;45
6;2006;4;66
6;2006;5;72
6;2006;6;38
6;2006;7;43
6;2006;8;96
6;2006;9;125
6;2006;10;100
6;2006;11;71
6;2006;12;70
6;2007;1;103
6;2007;2;128
6;2007;3;116
6;2007;4;31
6;2007;5;45
6;2007;6;81
6;2007;7;45
6;2007;8;61
6;2007;9;81
6;2007;10;94
6;2007;11;63
6;2007;12;34
6;2008;1;129
6;2008;2;43
6;2008;3;63
6;2008;4;33
6;2008;5;80
6;2008;6;105
6;2008;7;54
6;2008;8;116
6;2008;9;78
6;2008;10;106
6;2008;11;88
6;2008;12;82
6;2009;1;57
6;2009;2;87
6;2009;3;105
6;2009;4;100
6;2009;5;34
6;2009;6;118
6;2009;7;94
6;2009;8;90
6;2009;9;119
6;2009;10;78
6;2009;11;70
6;2009;12;30
6;2010;1;94
6;2010;2;91
6;2010;3;59
6;2010;4;44
6;2010;5;120
6;2010;6;94
6;2010;7;125
6;2010;8;84
6;2010;9;63
6;2010;10;49
6;2010;11;126
6;2010;12;114
7;1990;1;88
7;1990;2;50
7;1990;3;97
7;1990;4;89
7;1990;5;111
7;1990;6;30
7;1990;7;30
7;1990;8;47
7;1990;9;111
7;1990;10;44
7;1990;11;122
7;1990;12;37
7;1991;1;56
7;1991;2;63
7;1991;3;85
7;1991;4;98
7;1991;5;85
7;1991;6;45
7;1991;7;119
7;1991;8;105
7;1991;9;78
7;1991;10;111
7;1991;11;41
7;1991;12;123
7;1992;1;47
7;1992;2;81
7;1992;3;69
7;1992;4;80
7;1992;5;88
7;1992;6;74
7;1992;7;69
7;1992;8;108
7;1992;9;30
7;1992;10;45
7;1992;11;87
7;1992;12;126
7;1993;1;40
7;1993;2;87
7;1993;3;86
7;1993;4;59
7;1993;5;106
7;1993;6;62
7;1993;7;84
7;1993;8;60
7;1993;9;106
7;1993;10;81
7;1993;11;95
7;1993;12;122
7;1994;1;52
7;1994;2;51
7;1994;3;102
7;1994;4;89
7;1994;5;127
7;1994;6;71
7;1994;7;35
7;1994;8;107
7;1994;9;62
7;1994;10;43
7;1994;11;106
7;1994;12;119
7;1995;1;113
7;1995;2;104
7;1995;3;56
7;1995;4;73
7;1995;5;109
7;1995;6;42
7;1995;7;102
7;1995;8;129
7;1995;9;115
7;1995;10;65
7;1995;11;125
7;1995;12;71
7;1996;1;49
7;1996;2;72
7;1996;3;81
7;1996;4;31
7;1996;5;83
7;1996;6;126
7;1996;7;112
7;1996;8;39
7;1996;9;41
7;1996;10;87
7;1996;11;59
7;1996;12;50
7;1997;1;100
7;1997;2;60
7;1997;3;115
7;1997;4;75
7;1997;5;114
7;1997;6;98
7;1997;7;63
7;1997;8;88
7;1997;9;58
7;1997;10;61
7;1997;11;76
7;1997;12;70
7;1998;1;48
7;1998;2;41
7;1998;3;96
7;1998;4;56
7;1998;5;69
7;1998;6;116
7;1998;7;61
7;1998;8;73
7;1998;9;129
7;1998;10;95
7;1998;11;106
7;1998;12;41
7;1999;1;96
7;1999;2;47
7;1999;3;113
7;1999;4;103
7;1999;5;112
7;1999;6;55
7;1999;7;35
7;1999;8;73
7;1999;9;103
7;1999;10;93
7;1999;11;124
7;1999;12;57
7;2000;1;105
7;2000;2;84
7;2000;3;66
7;2000;4;64
7;2000;5;78
7;2000;6;43
7;2000;7;117
7;2000;8;62
7;2000;9;31
7;2000;10;37
7;2000;11;126
7;2000;12;57
7;2001;1;74
7;2001;2;75
7;2001;3;112
7;2001;4;105
7;2001;5;87
7;2001;6;99
7;2001;7;128
7;2001;8;59
7;2001;9;122
7;2001;10;78
7;2001;11;71
7;2001;12;86
7;2002;1;97
7;2002;2;35
7;2002;3;68
7;2002;4;36
7;2002;5;52
7;2002;6;100
7;2002;7;49
7;2002;8;33
7;2002;9;102
7;2002;10;95
7;2002;11;126
7;2002;12;121
7;2003;1;122
7;2003;2;57
7;2003;3;60
7;2003;4;89
7;2003;5;75
7;2003;6;52
7;2003;7;128
7;2003;8;86
7;2003;9;116
7;2003;10;103
7;2003;11;88
7;2003;12;38
7;2004;1;76
7;2004;2;57
7;2004;3;100
7;2004;4;39
7;2004;5;85
7;2004;6;34
7;2004;7;75
7;2004;8;48
7;2004;9;62
7;2004;10;69
7;2004;11;46
7;2004;12;56
7;2005;1;100
7;2005;2;58
7;2005;3;118
7;2005;4;36
7;2005;5;38
7;2005;6;66
7;2005;7;101
7;2005;8;99
7;2005;9;103
7;2005;10;75
7;2005;11;70
7;2005;12;101
7;2006;1;84
7;2006;2;59
7;2006;3;90
7;2006;4;46
7;2006;5;101
7;2006;6;34
7;2006;7;41
7;2006;8;127
7;2006;9;126
7;2006;10;100
7;2006;11;71
7;2006;12;129
7;2007;1;50
7;2007;2;49
7;2007;3;111
7;2007;4;102
7;2007;5;34
7;2007;6;56
7;2007;7;78
7;2007;8;106
7;2007;9;66
7;2007;10;105
7;2007;11;78
7;2007;12;114
7;2008;1;44
7;2008;2;73
7;2008;3;38
7;2008;4;103
7;2008;5;127
7;2008;6;115
7;2008;7;34
7;2008;8;61
7;2008;9;105
7;2008;10;53
7;2008;11;105
7;2008;12;57
7;2009;1;48
7;2009;2;126
7;2009;3;128
7;2009;4;107
7;2009;5;80
7;2009;6;89
7;2009;7;46
7;2009;8;85
7;2009;9;65
7;2009;10;110
7;2009;11;119
7;2009;12;78
7;2010;1;84
7;2010;2;61
7;2010;3;125
7;2010;4;88
7;2010;5;78
7;2010;6;91
7;2010;7;62
7;2010;8;112
7;2010;9;44
7;2010;10;90
7;2010;11;86
7;2010;12;110
8;1990;1;61
8;1990;2;60
8;1990;3;96
8;1990;4;106
8;1990;5;41
8;1990;6;59
8;1990;7;36
8;1990;8;35
8;1990;9;116
8;1990;10;114
8;1990;11;104
8;1990;12;128
8;1991;1;123
8;1991;2;116
8;1991;3;56
8;1991;4;127
8;1991;5;84
8;1991;6;101
8;1991;7;45
8;1991;8;48
8;1991;9;42
8;1991;10;48
8;1991;11;66
8;1991;12;93
8;1992;1;60
8;1992;2;77
8;1992;3;114
8;1992;4;76
8;1992;5;74
8;1992;6;64
8;1992;7;56
8;1992;8;129
8;1992;9;38
8;1992;10;31
8;1992;11;101
8;1992;12;87
8;1993;1;42
8;1993;2;113
8;1993;3;116
8;1993;4;64
8;1993;5;31
8;1993;6;121
8;1993;7;84
8;1993;8;115
8;1993;9;37
8;1993;10;30
8;1993;11;118
8;1993;12;61
8;1994;1;63
8;1994;2;118
8;1994;3;76
8;1994;4;42
8;1994;5;107
8;1994;6;95
8;1994;7;79
8;1994;8;79
8;1994;9;67
8;1994;10;98
8;1994;11;73
8;1994;12;126
8;1995;1;30
8;1995;2;118
8;1995;3;92
8;1995;4;119
8;1995;5;128
8;1995;6;121
8;1995;7;56
8;1995;8;112
8;1995;9;52
8;1995;10;41
8;1995;11;40
8;1995;12;57
8;1996;1;64
8;1996;2;69
8;1996;3;47
8;1996;4;107
8;1996;5;68
8;1996;6;113
8;1996;7;39
8;1996;8;81
8;1996;9;57
8;1996;10;61
8;1996;11;73
8;1996;12;110
8;1997;1;36
8;1997;2;117
8;1997;3;46
8;1997;4;68
8;1997;5;103
8;1997;6;116
8;1997;7;128
8;1997;8;116
8;1997;9;66
8;1997;10;114
8;1997;11;33
8;1997;12;105
8;1998;1;103
8;1998;2;95
8;1998;3;123
8;1998;4;121
8;1998;5;117
8;1998;6;34
8;1998;7;86
8;1998;8;108
8;1998;9;95
8;1998;10;80
8;1998;11;31
8;1998;12;39
8;1999;1;44
8;1999;2;82
8;1999;3;103
8;1999;4;74
8;1999;5;94
8;1999;6;74
8;1999;7;66
8;1999;8;71
8;1999;9;123
8;1999;10;118
8;1999;11;44
8;1999;12;47
8;2000;1;71
8;2000;2;121
8;2000;3;114
8;2000;4;120
8;2000;5;96
8;2000;6;92
8;2000;7;58
8;2000;8;43
8;2000;9;63
8;2000;10;127
8;2000;11;100
8;2000;12;115
8;2001;1;67
8;2001;2;79
8;2001;3;38
8;2001;4;84
8;2001;5;89
8;2001;6;112
8;2001;7;54
8;2001;8;53
8;2001;9;124
8;2001;10;75
8;2001;11;120
8;2001;12;84
8;2002;1;116
8;2002;2;79
8;2002;3;118
8;2002;4;99
8;2002;5;122
8;2002;6;92
8;2002;7;102
8;2002;8;125
8;2002;9;122
8;2002;10;51
8;2002;11;75
8;2002;12;128
8;2003;1;125
8;2003;2;103
8;2003;3;96
8;2003;4;110
8;2003;5;81
8;2003;6;91
8;2003;7;49
8;2003;8;44
8;2003;9;107
8;2003;10;58
8;2003;11;67
8;2003;12;62
8;2004;1;118
8;2004;2;57
8;2004;3;73
8;2004;4;66
8;2004;5;112
8;2004;6;85
8;2004;7;70
8;2004;8;111
8;2004;9;89
8;2004;10;81
8;2004;11;103
8;2004;12;84
8;2005;1;68
8;2005;2;49
8;2005;3;89
8;2005;4;127
8;2005;5;74
8;2005;6;126
8;2005;7;67
8;2005;8;101
8;2005;9;104
8;2005;10;48
8;2005;11;32
8;2005;12;64
8;2006;1;30
8;2006;2;83
8;2006;3;61
8;2006;4;82
8;2006;5;101
8;2006;6;108
8;2006;7;33
8;2006;8;94
8;2006;9;62
8;2006;10;96
8;2006;11;76
8;2006;12;116
8;2007;1;115
8;2007;2;34
8;2007;3;34
8;2007;4;123
8;2007;5;56
8;2007;6;72
8;2007;7;69
8;2007;8;96
8;2007;9;89
8;2007;10;37
8;2007;11;59
8;2007;12;106
8;2008;1;53
8;2008;2;95
8;2008;3;96
8;2008;4;61
8;2008;5;39
8;2008;6;90
8;2008;7;79
8;2008;8;128
8;2008;9;73
8;2008;10;53
8;2008;11;63
8;2008;12;128
8;2009;1;53
8;2009;2;117
8;2009;3;114
8;2009;4;80
8;2009;5;57
8;2009;6;91
8;2009;7;57
8;2009;8;40
8;2009;9;77
8;2009;10;39
8;2009;11;119
8;2009;12;80
8;2010;1;31
8;2010;2;44
8;2010;3;30
8;2010;4;89
8;2010;5;62
8;2010;6;93
8;2010;7;35
8;2010;8;110
8;2010;9;94
8;2010;10;52
8;2010;11;34
8;2010;12;55
9;1990;1;105
9;1990;2;127
9;1990;3;88
9;1990;4;76
9;1990;5;102
9;1990;6;30
9;1990;7;93
9;1990;8;48
9;1990;9;35
9;1990;10;66
9;1990;11;129
9;1990;12;62
9;1991;1;49
9;1991;2;32
9;1991;3;53
9;1991;4;95
9;1991;5;103
9;1991;6;57
9;1991;7;46
9;1991;8;87
9;1991;9;98
9;1991;10;95
9;1991;11;56
9;1991;12;33
9;1992;1;70
9;1992;2;91
9;1992;3;85
9;1992;4;63
9;1992;5;46
9;1992;6;59
9;1992;7;126
9;1992;8;108
9;1992;9;39
9;1992;10;32
9;1992;11;71
9;1992;12;114
9;1993;1;112
9;1993;2;44
9;1993;3;37
9;1993;4;101
9;1993;5;72
9;1993;6;38
9;1993;7;110
9;1993;8;37
9;1993;9;97
9;1993;10;97
9;1993;11;108
9;1993;12;77
9;1994;1;123
9;1994;2;95
9;1994;3;94
9;1994;4;61
9;1994;5;90
9;1994;6;96
9;1994;7;103
9;1994;8;121
9;1994;9;124
9;1994;10;66
9;1994;11;38
9;1994;12;112
9;1995;1;67
9;1995;2;42
9;1995;3;57
9;1995;4;128
9;1995;5;74
9;1995;6;112
9;1995;7;36
9;1995;8;92
9;1995;9;129
9;1995;10;114
9;1995;11;109
9;1995;12;127
9;1996;1;114
9;1996;2;71
9;1996;3;75
9;1996;4;43
9;1996;5;58
9;1996;6;65
9;1996;7;72
9;1996;8;66
9;1996;9;53
9;1996;10;62
9;1996;11;102
9;1996;12;35
9;1997;1;119
9;1997;2;58
9;1997;3;78
9;1997;4;44
9;1997;5;90
9;1997;6;95
9;1997;7;129
9;1997;8;70
9;1997;9;84
9;1997;10;42
9;1997;11;37
9;1997;12;75
9;1998;1;50
9;1998;2;52
9;1998;3;61
9;1998;4;65
9;1998;5;113
9;1998;6;34
9;1998;7;103
9;1998;8;32
9;1998;9;36
9;1998;10;33
9;1998;11;49
9;1998;12;97
9;1999;1;105
9;1999;2;65
9;1999;3;65
9;1999;4;120
9;1999;5;56
9;1999;6;84
9;1999;7;31
9;1999;8;109
9;1999;9;70
9;1999;10;82
9;1999;11;37
9;1999;12;70
9;2000;1;126
9;2000;2;30
9;2000;3;109
9;2000;4;115
9;2000;5;122
9;2000;6;44
9;2000;7;42
9;2000;8;63
9;2000;9;128
9;2000;10;52
9;2000;11;83
9;2000;12;46
9;2001;1;30
9;2001;2;109
9;2001;3;95
9;2001;4;103
9;2001;5;51
9;2001;6;49
9;2001;7;114
9;2001;8;70
9;2001;9;110
9;2001;10;106
9;2001;11;109
9;2001;12;94
9;2002;1;88
9;2002;2;97
9;2002;3;74
9;2002;4;122
9;2002;5;92
9;2002;6;43
9;2002;7;42
9;2002;8;80
9;2002;9;108
9;2002;10;57
9;2002;11;38
9;2002;12;119
9;2003;1;129
9;2003;2;36
9;2003;3;40
9;2003;4;94
9;2003;5;105
9;2003;6;75
9;2003;7;66
9;2003;8;106
9;2003;9;69
9;2003;10;59
9;2003;11;53
9;2003;12;64
9;2004;1;107
9;2004;2;45
9;2004;3;122
9;2004;4;128
9;2004;5;79
9;2004;6;86
9;2004;7;106
9;2004;8;82
9;2004;9;105
9;2004;10;117
9;2004;11;44
9;2004;12;58
9;2005;1;30
9;2005;2;90
9;2005;3;49
9;2005;4;109
9;2005;5;110
9;2005;6;56
9;2005;7;55
9;2005;8;61
9;2005;9;119
9;2005;10;106
9;2005;11;113
9;2005;12;74
9;2006;1;85
9;2006;2;44
9;2006;3;109
9;2006;4;97
9;2006;5;105
9;2006;6;117
9;2006;7;69
9;2006;8;54
9;2006;9;87
9;2006;10;33
9;2006;11;90
9;2006;12;34
9;2007;1;102
9;2007;2;47
9;2007;3;94
9;2007;4;122
9;2007;5;49
9;2007;6;68
9;2007;7;48
9;2007;8;35
9;2007;9;92
9;2007;10;107
9;2007;11;54
9;2007;12;65
9;2008;1;103
9;2008;2;62
9;2008;3;92
9;2008;4;80
9;2008;5;119
9;2008;6;37
9;2008;7;34
9;2008;8;50
9;2008;9;66
9;2008;10;123
9;2008;11;110
9;2008;12;87
9;2009;1;100
9;2009;2;84
9;2009;3;111
9;2009;4;69
9;2009;5;75
9;2009;6;56
9;2009;7;43
9;2009;8;111
9;2009;9;111
9;2009;10;105
9;2009;11;59
9;2009;12;70
9;2010;1;108
9;2010;2;77
9;2010;3;101
9;2010;4;73
9;2010;5;31
9;2010;6;94
9;2010;7;33
9;2010;8;71
9;2010;9;40
9;2010;10;110
9;2010;11;118
9;2010;12;64
10;1990;1;83
10;1990;2;64
10;1990;3;65
10;1990;4;108
10;1990;5;85
10;1990;6;72
10;1990;7;126
10;1990;8;76
10;1990;9;49
10;1990;10;101
10;1990;11;49
10;1990;12;80
10;1991;1;123
10;1991;2;91
10;1991;3;113
10;1991;4;78
10;1991;5;66
10;1991;6;41
10;1991;7;87
10;1991;8;119
10;1991;9;93
10;1991;10;113
10;1991;11;32
10;1991;12;67
10;1992;1;114
10;1992;2;45
10;1992;3;118
10;1992;4;92
10;1992;5;114
10;1992;6;54
10;1992;7;87
10;1992;8;67
10;1992;9;40
10;1992;10;40
10;1992;11;65
10;1992;12;36
10;1993;1;88
10;1993;2;100
10;1993;3;118
10;1993;4;79
10;1993;5;92
10;1993;6;125
10;1993;7;49
10;1993;8;67
10;1993;9;79
10;1993;10;75
10;1993;11;101
10;1993;12;99
10;1994;1;100
10;1994;2;98
10;1994;3;91
10;1994;4;58
10;1994;5;42
10;1994;6;76
10;1994;7;75
10;1994;8;72
10;1994;9;86
10;1994;10;99
10;1994;11;35
10;1994;12;80
10;1995;1;121
10;1995;2;105
10;1995;3;103
10;1995;4;114
10;1995;5;40
10;1995;6;51
10;1995;7;58
10;1995;8;87
10;1995;9;90
10;1995;10;88
10;1995;11;123
10;1995;12;56
10;1996;1;94
10;1996;2;110
10;1996;3;106
10;1996;4;97
10;1996;5;63
10;1996;6;101
10;1996;7;34
10;1996;8;80
10;1996;9;47
10;1996;10;42
10;1996;11;70
10;1996;12;125
10;1997;1;105
10;1997;2;61
10;1997;3;77
10;1997;4;120
10;1997;5;113
10;1997;6;41
10;1997;7;37
10;1997;8;89
10;1997;9;85
10;1997;10;34
10;1997;11;128
10;1997;12;89
10;1998;1;118
10;1998;2;48
10;1998;3;59
10;1998;4;57
10;1998;5;37
10;1998;6;95
10;1998;7;59
10;1998;8;78
10;1998;9;72
10;1998;10;106
10;1998;11;37
10;1998;12;41
10;1999;1;48
10;1999;2;32
10;1999;3;77
10;1999;4;90
10;1999;5;42
10;1999;6;80
10;1999;7;44
10;1999;8;59
10;1999;9;77
10;1999;10;31
10;1999;11;88
10;1999;12;57
10;2000;1;44
10;2000;2;50
10;2000;3;83
10;2000;4;50
10;2000;5;92
10;2000;6;104
10;2000;7;100
10;2000;8;126
10;2000;9;97
10;2000;10;53
10;2000;11;128
10;2000;12;75
10;2001;1;81
10;2001;2;96
10;2001;3;36
10;2001;4;53
10;2001;5;53
10;2001;6;73
10;2001;7;31
10;2001;8;62
10;2001;9;128
10;2001;10;67
10;2001;11;74
10;2001;12;121
10;2002;1;58
10;2002;2;69
10;2002;3;59
10;2002;4;101
10;2002;5;74
10;2002;6;101
10;2002;7;123
10;2002;8;96
10;2002;9;101
10;2002;10;97
10;2002;11;64
10;2002;12;50
10;2003;1;111
10;2003;2;111
10;2003;3;33
10;2003;4;62
10;2003;5;95
10;2003;6;70
10;2003;7;42
10;2003;8;32
10;2003;9;30
10;2003;10;61
10;2003;11;98
10;2003;12;126
10;2004;1;57
10;2004;2;120
10;2004;3;45
10;2004;4;121
10;2004;5;35
10;2004;6;96
10;2004;7;97
10;2004;8;87
10;2004;9;106
10;2004;10;54
10;2004;11;106
10;2004;12;113
10;2005;1;58
10;2005;2;89
10;2005;3;73
10;2005;4;121
10;2005;5;97
10;2005;6;69
10;2005;7;38
10;2005;8;61
10;2005;9;96
10;2005;10;63
10;2005;11;82
10;2005;12;64
10;2006;1;49
10;2006;2;70
10;2006;3;46
10;2006;4;44
10;2006;5;55
10;2006;6;128
10;2006;7;113
10;2006;8;98
10;2006;9;95
10;2006;10;98
10;2006;11;127
10;2006;12;60
10;2007;1;63
10;2007;2;123
10;2007;3;102
10;2007;4;102
10;2007;5;63
10;2007;6;58
10;2007;7;108
10;2007;8;123
10;2007;9;103
10;2007;10;76
10;2007;11;118
10;2007;12;89
10;2008;1;82
10;2008;2;82
10;2008;3;78
10;2008;4;36
10;2008;5;74
10;2008;6;71
10;2008;7;110
10;2008;8;119
10;2008;9;34
10;2008;10;95
10;2008;11;56
10;2008;12;60
10;2009;1;33
10;2009;2;105
10;2009;3;62
10;2009;4;42
10;2009;5;81
10;2009;6;40
10;2009;7;100
10;2009;8;102
10;2009;9;44
10;2009;10;73
10;2009;11;32
10;2009;12;36
10;2010;1;88
10;2010;2;96
10;2010;3;83
10;2010;4;122
10;2010;5;56
10;2010;6;109
10;2010;7;51
10;2010;8;127
10;2010;9;47
10;2010;10;56
10;2010;11;125
10;2010;12;78
11;1990;1;38
11;1990;2;118
11;1990;3;116
11;1990;4;127
11;1990;5;105
11;1990;6;62
11;1990;7;44
11;1990;8;107
11;1990;9;41
11;1990;10;118
11;1990;11;34
11;1990;12;111
11;1991;1;57
11;1991;2;115
11;1991;3;109
11;1991;4;115
11;1991;5;127
11;1991;6;96
11;1991;7;71
11;1991;8;46
11;1991;9;52
11;1991;10;75
11;1991;11;114
11;1991;12;84
11;1992;1;40
11;1992;2;41
11;1992;3;44
11;1992;4;114
11;1992;5;63
11;1992;6;77
11;1992;7;126
11;1992;8;67
11;1992;9;119
11;1992;10;67
11;1992;11;110
11;1992;12;104
11;1993;1;31
11;1993;2;49
11;1993;3;35
11;1993;4;41
11;1993;5;129
11;1993;6;71
11;1993;7;99
11;1993;8;119
11;1993;9;49
11;1993;10;88
11;1993;11;129
11;1993;12;42
11;1994;1;128
11;1994;2;54
11;1994;3;41
11;1994;4;72
11;1994;5;120
11;1994;6;123
11;1994;7;81
11;1994;8;47
11;1994;9;36
11;1994;10;104
11;1994;11;48
11;1994;12;48
11;1995;1;44
11;1995;2;122
11;1995;3;89
11;1995;4;97
11;1995;5;72
11;1995;6;75
11;1995;7;74
11;1995;8;45
11;1995;9;80
11;1995;10;31
11;1995;11;52
11;1995;12;35
11;1996;1;122
11;1996;2;54
11;1996;3;129
11;1996;4;79
11;1996;5;90
11;1996;6;56
11;1996;7;85
11;1996;8;108
11;1996;9;65
11;1996;10;115
11;1996;11;109
11;1996;12;39
11;1997;1;37
11;1997;2;88
11;1997;3;57
11;1997;4;36
11;1997;5;95
11;1997;6;117
11;1997;7;103
11;1997;8;54
11;1997;9;116
11;1997;10;90
11;1997;11;97
11;1997;12;117
11;1998;1;116
11;1998;2;53
11;1998;3;84
11;1998;4;65
11;1998;5;43
11;1998;6;34
11;1998;7;30
11;1998;8;53
11;1998;9;64
11;1998;10;113
11;1998;11;50
11;1998;12;52
11;1999;1;41
11;1999;2;65
11;1999;3;81
11;1999;4;65
11;1999;5;55
11;1999;6;128
11;1999;7;101
11;1999;8;109
11;1999;9;31
11;1999;10;118
11;1999;11;58
11;1999;12;86
11;2000;1;63
11;2000;2;97
11;2000;3;32
11;2000;4;103
11;2000;5;47
11;2000;6;96
11;2000;7;38
11;2000;8;35
11;2000;9;50
11;2000;10;124
11;2000;11;64
11;2000;12;68
11;2001;1;98
11;2001;2;104
11;2001;3;117
11;2001;4;47
11;2001;5;43
11;2001;6;122
11;2001;7;105
11;2001;8;109
11;2001;9;73
11;2001;10;55
11;2001;11;104
11;2001;12;38
11;2002;1;80
11;2002;2;63
11;2002;3;58
11;2002;4;45
11;2002;5;48
11;2002;6;32
11;2002;7;35
11;2002;8;58
11;2002;9;51
11;2002;10;125
11;2002;11;70
11;2002;12;70
11;2003;1;91
11;2003;2;55
11;2003;3;34
11;2003;4;113
11;2003;5;66
11;2003;6;95
11;2003;7;86
11;2003;8;112
11;2003;9;34
11;2003;10;106
11;2003;11;81
11;2003;12;36
11;2004;1;129
11;2004;2;78
11;2004;3;58
11;2004;4;111
11;2004;5;113
11;2004;6;46
11;2004;7;57
11;2004;8;81
11;2004;9;74
11;2004;10;109
11;2004;11;87
11;2004;12;106
11;2005;1;38
11;2005;2;73
11;2005;3;48
11;2005;4;71
11;2005;5;58
11;2005;6;58
11;2005;7;103
11;2005;8;30
11;2005;9;44
11;2005;10;30
11;2005;11;71
11;2005;12;120
11;2006;1;41
11;2006;2;91
11;2006;3;58
11;2006;4;60
11;2006;5;80
11;2006;6;53
11;2006;7;30
11;2006;8;48
11;2006;9;80
11;2006;10;109
11;2006;11;79
11;2006;12;39
11;2007;1;72
11;2007;2;52
11;2007;3;124
11;2007;4;34
11;2007;5;91
11;2007;6;66
11;2007;7;77
11;2007;8;65
11;2007;9;76
11;2007;10;68
11;2007;11;115
11;2007;12;40
11;2008;1;59
11;2008;2;41
11;2008;3;129
11;2008;4;89
11;2008;5;112
11;2008;6;42
11;2008;7;34
11;2008;8;53
11;2008;9;61
11;2008;10;30
11;2008;11;119
11;2008;12;125
11;2009;1;54
11;2009;2;36
11;2009;3;64
11;2009;4;103
11;2009;5;94
11;2009;6;76
11;2009;7;104
11;2009;8;58
11;2009;9;33
11;2009;10;90
11;2009;11;123
11;2009;12;97
11;2010;1;112
11;2010;2;66
11;2010;3;74
11;2010;4;117
11;2010;5;125
11;2010;6;95
11;2010;7;96
11;2010;8;42
11;2010;9;98
11;2010;10;112
11;2010;11;111
11;2010;12;57
12;1990;1;49
12;1990;2;125
12;1990;3;126
12;1990;4;99
12;1990;5;94
12;1990;6;105
12;1990;7;51
12;1990;8;60
12;1990;9;35
12;1990;10;113
12;1990;11;70
12;1990;12;123
12;1991;1;41
12;1991;2;69
12;1991;3;36
12;1991;4;106
12;1991;5;115
12;1991;6;48
12;1991;7;96
12;1991;8;77
12;1991;9;102
12;1991;10;54
12;1991;11;86
12;1991;12;60
12;1992;1;53
12;1992;2;74
12;1992;3;109
12;1992;4;70
12;1992;5;34
12;1992;6;91
12;1992;7;77
12;1992;8;108
12;1992;9;69
12;1992;10;115
12;1992;11;81
12;1992;12;62
12;1993;1;106
12;1993;2;48
12;1993;3;110
12;1993;4;62
12;1993;5;122
12;1993;6;81
12;1993;7;128
12;1993;8;46
12;1993;9;89
12;1993;10;100
12;1993;11;48
12;1993;12;50
12;1994;1;40
12;1994;2;61
12;1994;3;89
12;1994;4;67
12;1994;5;58
12;1994;6;94
12;1994;7;69
12;1994;8;45
12;1994;9;113
12;1994;10;94
12;1994;11;34
12;1994;12;58
12;1995;1;115
12;1995;2;111
12;1995;3;73
12;1995;4;115
12;1995;5;78
12;1995;6;109
12;1995;7;110
12;1995;8;74
12;1995;9;76
12;1995;10;106
12;1995;11;45
12;1995;12;50
12;1996;1;50
12;1996;2;78
12;1996;3;68
12;1996;4;74
12;1996;5;93
12;1996;6;43
12;1996;7;125
12;1996;8;41
12;1996;9;52
12;1996;10;48
12;1996;11;66
12;1996;12;116
12;1997;1;47
12;1997;2;55
12;1997;3;37
12;1997;4;72
12;1997;5;77
12;1997;6;79
12;1997;7;58
12;1997;8;97
12;1997;9;52
12;1997;10;73
12;1997;11;98
12;1997;12;94
12;1998;1;74
12;1998;2;115
12;1998;3;70
12;1998;4;61
12;1998;5;129
12;1998;6;101
12;1998;7;98
12;1998;8;66
12;1998;9;129
12;1998;10;53
12;1998;11;115
12;1998;12;73
12;1999;1;98
12;1999;2;115
12;1999;3;94
12;1999;4;95
12;1999;5;46
12;1999;6;40
12;1999;7;85
12;1999;8;55
12;1999;9;33
12;1999;10;76
12;1999;11;53
12;1999;12;129
12;2000;1;87
12;2000;2;92
12;2000;3;69
12;2000;4;96
12;2000;5;35
12;2000;6;118
12;2000;7;36
12;2000;8;33
12;2000;9;129
12;2000;10;42
12;2000;11;54
12;2000;12;92
12;2001;1;96
12;2001;2;110
12;2001;3;106
12;2001;4;50
12;2001;5;50
12;2001;6;71
12;2001;7;116
12;2001;8;47
12;2001;9;74
12;2001;10;88
12;2001;11;95
12;2001;12;112
12;2002;1;125
12;2002;2;58
12;2002;3;100
12;2002;4;65
12;2002;5;65
12;2002;6;73
12;2002;7;56
12;2002;8;69
12;2002;9;30
12;2002;10;37
12;2002;11;129
12;2002;12;80
12;2003;1;90
12;2003;2;112
12;2003;3;107
12;2003;4;115
12;2003;5;76
12;2003;6;61
12;2003;7;54
12;2003;8;96
12;2003;9;70
12;2003;10;114
12;2003;11;54
12;2003;12;95
12;2004;1;127
12;2004;2;111
12;2004;3;70
12;2004;4;85
12;2004;5;66
12;2004;6;96
12;2004;7;52
12;2004;8;114
12;2004;9;36
12;2004;10;87
12;2004;11;49
12;2004;12;128
12;2005;1;30
12;2005;2;30
12;2005;3;73
12;2005;4;43
12;2005;5;35
12;2005;6;110
12;2005;7;80
12;2005;8;111
12;2005;9;123
12;2005;10;109
12;2005;11;69
12;2005;12;34
12;2006;1;70
12;2006;2;80
12;2006;3;102
12;2006;4;110
12;2006;5;73
12;2006;6;120
12;2006;7;113
12;2006;8;60
12;2006;9;126
12;2006;10;129
12;2006;11;122
12;2006;12;32
12;2007;1;97
12;2007;2;110
12;2007;3;126
12;2007;4;72
12;2007;5;100
12;2007;6;54
12;2007;7;92
12;2007;8;94
12;2007;9;75
12;2007;10;105
12;2007;11;102
12;2007;12;61
12;2008;1;108
12;2008;2;53
12;2008;3;60
12;2008;4;128
12;2008;5;94
12;2008;6;38
12;2008;7;117
12;2008;8;51
12;2008;9;33
12;2008;10;42
12;2008;11;75
12;2008;12;49
12;2009;1;37
12;2009;2;30
12;2009;3;75
12;2009;4;91
12;2009;5;68
12;2009;6;32
12;2009;7;112
12;2009;8;63
12;2009;9;68
12;2009;10;97
12;2009;11;92
12;2009;12;116
12;2010;1;42
12;2010;2;79
12;2010;3;129
12;2010;4;103
12;2010;5;48
12;2010;6;122
12;2010;7;45
12;2010;8;117
12;2010;9;50
12;2010;10;31
12;2010;11;36
12;2010;12;47
13;1990;1;122
13;1990;2;64
13;1990;3;106
13;1990;4;81
13;1990;5;101
13;1990;6;75
13;1990;7;83
13;1990;8;112
13;1990;9;66
13;1990;10;59
13;1990;11;74
13;1990;12;55
13;1991;1;30
13;1991;2;124
13;1991;3;93
13;1991;4;57
13;1991;5;55
13;1991;6;59
13;1991;7;101
13;1991;8;53
13;1991;9;79
13;1991;10;129
13;1991;11;93
13;1991;12;88
13;1992;1;76
13;1992;2;113
13;1992;3;30
13;1992;4;100
13;1992;5;91
13;1992;6;124
13;1992;7;47
13;1992;8;67
13;1992;9;127
13;1992;10;58
13;1992;11;67
13;1992;12;87
13;1993;1;68
13;1993;2;49
13;1993;3;101
13;1993;4;30
13;1993;5;67
13;1993;6;33
13;1993;7;47
13;1993;8;38
13;1993;9;120
13;1993;10;84
13;1993;11;54
13;1993;12;127
13;1994;1;30
13;1994;2;84
13;1994;3;85
13;1994;4;113
13;1994;5;98
13;1994;6;66
13;1994;7;92
13;1994;8;31
13;1994;9;71
13;1994;10;124
13;1994;11;36
13;1994;12;128
13;1995;1;52
13;1995;2;124
13;1995;3;73
13;1995;4;62
13;1995;5;43
13;1995;6;60
13;1995;7;118
13;1995;8;119
13;1995;9;122
13;1995;10;117
13;1995;11;97
13;1995;12;49
13;1996;1;48
13;1996;2;128
13;1996;3;126
13;1996;4;91
13;1996;5;80
13;1996;6;127
13;1996;7;93
13;1996;8;125
13;1996;9;34
13;1996;10;91
13;1996;11;52
13;1996;12;84
13;1997;1;44
13;1997;2;53
13;1997;3;58
13;1997;4;94
13;1997;5;127
13;1997;6;106
13;1997;7;114
13;1997;8;104
13;1997;9;123
13;1997;10;72
13;1997;11;86
13;1997;12;105
13;1998;1;85
13;1998;2;92
13;1998;3;34
13;1998;4;88
13;1998;5;31
13;1998;6;69
13;1998;7;103
13;1998;8;124
13;1998;9;76
13;1998;10;58
13;1998;11;87
13;1998;12;50
13;1999;1;89
13;1999;2;86
13;1999;3;92
13;1999;4;95
13;1999;5;119
13;1999;6;114
13;1999;7;68
13;1999;8;71
13;1999;9;69
13;1999;10;122
13;1999;11;115
13;1999;12;110
13;2000;1;65
13;2000;2;108
13;2000;3;91
13;2000;4;43
13;2000;5;113
13;2000;6;102
13;2000;7;31
13;2000;8;79
13;2000;9;68
13;2000;10;90
13;2000;11;100
13;2000;12;116
13;2001;1;115
13;2001;2;45
13;2001;3;65
13;2001;4;62
13;2001;5;83
13;2001;6;77
13;2001;7;99
13;2001;8;99
13;2001;9;105
13;2001;10;55
13;2001;11;110
13;2001;12;38
13;2002;1;107
13;2002;2;107
13;2002;3;90
13;2002;4;74
13;2002;5;67
13;2002;6;101
13;2002;7;84
13;2002;8;97
13;2002;9;70
13;2002;10;100
13;2002;11;52
13;2002;12;40
13;2003;1;32
13;2003;2;41
13;2003;3;98
13;2003;4;79
13;2003;5;90
13;2003;6;125
13;2003;7;105
13;2003;8;41
13;2003;9;52
13;2003;10;115
13;2003;11;84
13;2003;12;95
13;2004;1;35
13;2004;2;76
13;2004;3;50
13;2004;4;100
13;2004;5;51
13;2004;6;58
13;2004;7;67
13;2004;8;117
13;2004;9;99
13;2004;10;94
13;2004;11;96
13;2004;12;109
13;2005;1;124
13;2005;2;117
13;2005;3;50
13;2005;4;117
13;2005;5;74
13;2005;6;41
13;2005;7;50
13;2005;8;121
13;2005;9;112
13;2005;10;30
13;2005;11;31
13;2005;12;58
13;2006;1;38
13;2006;2;54
13;2006;3;47
13;2006;4;101
13;2006;5;100
13;2006;6;103
13;2006;7;66
13;2006;8;54
13;2006;9;110
13;2006;10;114
13;2006;11;119
13;2006;12;65
13;2007;1;102
13;2007;2;102
13;2007;3;76
13;2007;4;34
13;2007;5;60
13;2007;6;44
13;2007;7;56
13;2007;8;114
13;2007;9;53
13;2007;10;40
13;2007;11;37
13;2007;12;101
13;2008;1;102
13;2008;2;119
13;2008;3;102
13;2008;4;43
13;2008;5;44
13;2008;6;34
13;2008;7;92
13;2008;8;112
13;2008;9;73
13;2008;10;119
13;2008;11;95
13;2008;12;104
13;2009;1;31
13;2009;2;36
13;2009;3;89
13;2009;4;122
13;2009;5;115
13;2009;6;59
13;2009;7;126
13;2009;8;78
13;2009;9;105
13;2009;10;93
13;2009;11;96
13;2009;12;80
13;2010;1;60
13;2010;2;39
13;2010;3;87
13;2010;4;92
13;2010;5;113
13;2010;6;90
13;2010;7;32
13;2010;8;41
13;2010;9;119
13;2010;10;39
13;2010;11;39
13;2010;12;89
14;1990;1;69
14;1990;2;51
14;1990;3;71
14;1990;4;95
14;1990;5;101
14;1990;6;70
14;1990;7;50
14;1990;8;126
14;1990;9;92
14;1990;10;59
14;1990;11;109
14;1990;12;114
14;1991;1;109
14;1991;2;59
14;1991;3;34
14;1991;4;112
14;1991;5;107
14;1991;6;40
14;1991;7;120
14;1991;8;118
14;1991;9;94
14;1991;10;37
14;1991;11;50
14;1991;12;32
14;1992;1;114
14;1992;2;114
14;1992;3;47
14;1992;4;87
14;1992;5;124
14;1992;6;90
14;1992;7;57
14;1992;8;75
14;1992;9;122
14;1992;10;99
14;1992;11;48
14;1992;12;34
14;1993;1;35
14;1993;2;88
14;1993;3;38
14;1993;4;97
14;1993;5;31
14;1993;6;102
14;1993;7;84
14;1993;8;110
14;1993;9;61
14;1993;10;65
14;1993;11;47
14;1993;12;127
14;1994;1;55
14;1994;2;128
14;1994;3;74
14;1994;4;46
14;1994;5;117
14;1994;6;103
14;1994;7;54
14;1994;8;127
14;1994;9;96
14;1994;10;102
14;1994;11;52
14;1994;12;89
14;1995;1;77
14;1995;2;81
14;1995;3;74
14;1995;4;92
14;1995;5;41
14;1995;6;124
14;1995;7;70
14;1995;8;42
14;1995;9;84
14;1995;10;124
14;1995;11;39
14;1995;12;41
14;1996;1;83
14;1996;2;69
14;1996;3;40
14;1996;4;57
14;1996;5;64
14;1996;6;65
14;1996;7;83
14;1996;8;58
14;1996;9;90
14;1996;10;89
14;1996;11;94
14;1996;12;99
14;1997;1;37
14;1997;2;95
14;1997;3;101
14;1997;4;49
14;1997;5;52
14;1997;6;91
14;1997;7;88
14;1997;8;81
14;1997;9;49
14;1997;10;82
14;1997;11;65
14;1997;12;86
14;1998;1;117
14;1998;2;52
14;1998;3;36
14;1998;4;76
14;1998;5;35
14;1998;6;127
14;1998;7;38
14;1998;8;43
14;1998;9;118
14;1998;10;129
14;1998;11;91
14;1998;12;47
14;1999;1;76
14;1999;2;50
14;1999;3;103
14;1999;4;122
14;1999;5;117
14;1999;6;59
14;1999;7;62
14;1999;8;71
14;1999;9;95
14;1999;10;56
14;1999;11;68
14;1999;12;116
14;2000;1;126
14;2000;2;68
14;2000;3;120
14;2000;4;59
14;2000;5;107
14;2000;6;92
14;2000;7;62
14;2000;8;49
14;2000;9;116
14;2000;10;88
14;2000;11;106
14;2000;12;57
14;2001;1;48
14;2001;2;95
14;2001;3;59
14;2001;4;70
14;2001;5;30
14;2001;6;48
14;2001;7;34
14;2001;8;34
14;2001;9;56
14;2001;10;104
14;2001;11;115
14;2001;12;74
14;2002;1;63
14;2002;2;73
14;2002;3;46
14;2002;4;94
14;2002;5;93
14;2002;6;121
14;2002;7;119
14;2002;8;89
14;2002;9;98
14;2002;10;88
14;2002;11;98
14;2002;12;41
14;2003;1;107
14;2003;2;76
14;2003;3;116
14;2003;4;53
14;2003;5;95
14;2003;6;117
14;2003;7;104
14;2003;8;37
14;2003;9;81
14;2003;10;104
14;2003;11;121
14;2003;12;34
14;2004;1;112
14;2004;2;100
14;2004;3;92
14;2004;4;109
14;2004;5;69
14;2004;6;108
14;2004;7;35
14;2004;8;49
14;2004;9;99
14;2004;10;82
14;2004;11;75
14;2004;12;65
14;2005;1;109
14;2005;2;62
14;2005;3;72
14;2005;4;77
14;2005;5;117
14;2005;6;55
14;2005;7;102
14;2005;8;103
14;2005;9;85
14;2005;10;37
14;2005;11;125
14;2005;12;56
14;2006;1;89
14;2006;2;103
14;2006;3;74
14;2006;4;72
14;2006;5;91
14;2006;6;112
14;2006;7;118
14;2006;8;55
14;2006;9;70
14;2006;10;92
14;2006;11;59
14;2006;12;105
14;2007;1;46
14;2007;2;47
14;2007;3;110
14;2007;4;47
14;2007;5;46
14;2007;6;49
14;2007;7;50
14;2007;8;56
14;2007;9;51
14;2007;10;43
14;2007;11;127
14;2007;12;87
14;2008;1;59
14;2008;2;107
14;2008;3;54
14;2008;4;87
14;2008;5;46
14;2008;6;97
14;2008;7;124
14;2008;8;57
14;2008;9;109
14;2008;10;38
14;2008;11;99
14;2008;12;74
14;2009;1;116
14;2009;2;64
14;2009;3;86
14;2009;4;92
14;2009;5;119
14;2009;6;109
14;2009;7;115
14;2009;8;92
14;2009;9;69
14;2009;10;90
14;2009;11;54
14;2009;12;123
14;2010;1;125
14;2010;2;107
14;2010;3;77
14;2010;4;55
14;2010;5;50
14;2010;6;101
14;2010;7;48
14;2010;8;76
14;2010;9;74
14;2010;10;50
14;2010;11;119
14;2010;12;96
15;1990;1;97
15;1990;2;90
15;1990;3;122
15;1990;4;113
15;1990;5;67
15;1990;6;121
15;1990;7;48
15;1990;8;41
15;1990;9;117
15;1990;10;87
15;1990;11;126
15;1990;12;93
15;1991;1;97
15;1991;2;112
15;1991;3;123
15;1991;4;80
15;1991;5;98
15;1991;6;73
15;1991;7;49
15;1991;8;104
15;1991;9;99
15;1991;10;113
15;1991;11;63
15;1991;12;99
15;1992;1;64
15;1992;2;45
15;1992;3;100
15;1992;4;111
15;1992;5;117
15;1992;6;93
15;1992;7;101
15;1992;8;63
15;1992;9;81
15;1992;10;59
15;1992;11;58
15;1992;12;35
15;1993;1;82
15;1993;2;45
15;1993;3;82
15;1993;4;57
15;1993;5;120
15;1993;6;61
15;1993;7;98
15;1993;8;118
15;1993;9;71
15;1993;10;125
15;1993;11;106
15;1993;12;35
15;1994;1;34
15;1994;2;90
15;1994;3;31
15;1994;4;96
15;1994;5;61
15;1994;6;65
15;1994;7;62
15;1994;8;61
15;1994;9;45
15;1994;10;121
15;1994;11;42
15;1994;12;89
15;1995;1;125
15;1995;2;93
15;1995;3;37
15;1995;4;65
15;1995;5;37
15;1995;6;53
15;1995;7;101
15;1995;8;44
15;1995;9;129
15;1995;10;113
15;1995;11;109
15;1995;12;98
15;1996;1;86
15;1996;2;47
15;1996;3;111
15;1996;4;60
15;1996;5;74
15;1996;6;94
15;1996;7;52
15;1996;8;60
15;1996;9;125
15;1996;10;52
15;1996;11;104
15;1996;12;106
15;1997;1;122
15;1997;2;68
15;1997;3;34
15;1997;4;128
15;1997;5;106
15;1997;6;126
15;1997;7;89
15;1997;8;125
15;1997;9;54
15;1997;10;101
15;1997;11;45
15;1997;12;77
15;1998;1;122
15;1998;2;109
15;1998;3;128
15;1998;4;33
15;1998;5;73
15;1998;6;73
15;1998;7;32
15;1998;8;96
15;1998;9;117
15;1998;10;105
15;1998;11;68
15;1998;12;122
15;1999;1;65
15;1999;2;42
15;1999;3;81
15;1999;4;117
15;1999;5;64
15;1999;6;103
15;1999;7;86
15;1999;8;32
15;1999;9;90
15;1999;10;41
15;1999;11;64
15;1999;12;112
15;2000;1;47
15;2000;2;72
15;2000;3;76
15;2000;4;35
15;2000;5;43
15;2000;6;67
15;2000;7;60
15;2000;8;68
15;2000;9;43
15;2000;10;105
15;2000;11;110
15;2000;12;68
15;2001;1;116
15;2001;2;128
15;2001;3;69
15;2001;4;68
15;2001;5;44
15;2001;6;42
15;2001;7;50
15;2001;8;95
15;2001;9;41
15;2001;10;120
15;2001;11;34
15;2001;12;102
15;2002;1;59
15;2002;2;117
15;2002;3;64
15;2002;4;42
15;2002;5;81
15;2002;6;49
15;2002;7;39
15;2002;8;88
15;2002;9;51
15;2002;10;33
15;2002;11;49
15;2002;12;77
15;2003;1;42
15;2003;2;67
15;2003;3;36
15;2003;4;53
15;2003;5;96
15;2003;6;97
15;2003;7;32
15;2003;8;119
15;2003;9;79
15;2003;10;33
15;2003;11;82
15;2003;12;92
15;2004;1;125
15;2004;2;81
15;2004;3;57
15;2004;4;44
15;2004;5;71
15;2004;6;119
15;2004;7;123
15;2004;8;123
15;2004;9;116
15;2004;10;31
15;2004;11;115
15;2004;12;116
15;2005;1;129
15;2005;2;95
15;2005;3;48
15;2005;4;75
15;2005;5;70
15;2005;6;48
15;2005;7;72
15;2005;8;46
15;2005;9;78
15;2005;10;78
15;2005;11;107
15;2005;12;53
15;2006;1;60
15;2006;2;81
15;2006;3;91
15;2006;4;74
15;2006;5;87
15;2006;6;129
15;2006;7;81
15;2006;8;103
15;2006;9;49
15;2006;10;110
15;2006;11;58
15;2006;12;60
15;2007;1;36
15;2007;2;113
15;2007;3;63
15;2007;4;99
15;2007;5;113
15;2007;6;44
15;2007;7;53
15;2007;8;51
15;2007;9;30
15;2007;10;126
15;2007;11;89
15;2007;12;42
15;2008;1;115
15;2008;2;62
15;2008;3;41
15;2008;4;91
15;2008;5;112
15;2008;6;101
15;2008;7;109
15;2008;8;72
15;2008;9;94
15;2008;10;117
15;2008;11;83
15;2008;12;110
15;2009;1;59
15;2009;2;60
15;2009;3;127
15;2009;4;79
15;2009;5;98
15;2009;6;126
15;2009;7;95
15;2009;8;45
15;2009;9;44
15;2009;10;74
15;2009;11;79
15;2009;12;70
15;2010;1;49
15;2010;2;116
15;2010;3;47
15;2010;4;121
15;2010;5;87
15;2010;6;87
15;2010;7;70
15;2010;8;101
15;2010;9;98
15;2010;10;49
15;2010;11;31
15;2010;12;92
16;1990;1;47
16;1990;2;49
16;1990;3;80
16;1990;4;116
16;1990;5;98
16;1990;6;43
16;1990;7;55
16;1990;8;96
16;1990;9;31
16;1990;10;51
16;1990;11;38
16;1990;12;73
16;1991;1;87
16;1991;2;55
16;1991;3;83
16;1991;4;80
16;1991;5;109
16;1991;6;68
16;1991;7;71
16;1991;8;45
16;1991;9;116
16;1991;10;60
16;1991;11;121
16;1991;12;99
16;1992;1;64
16;1992;2;88
16;1992;3;117
16;1992;4;54
16;1992;5;63
16;1992;6;37
16;1992;7;37
16;1992;8;127
16;1992;9;39
16;1992;10;64
16;1992;11;76
16;1992;12;92
16;1993;1;63
16;1993;2;48
16;1993;3;110
16;1993;4;51
16;1993;5;110
16;1993;6;83
16;1993;7;126
16;1993;8;77
16;1993;9;35
16;1993;10;32
16;1993;11;123
16;1993;12;50
16;1994;1;100
16;1994;2;105
16;1994;3;95
16;1994;4;106
16;1994;5;72
16;1994;6;128
16;1994;7;75
16;1994;8;89
16;1994;9;114
16;1994;10;64
16;1994;11;95
16;1994;12;72
16;1995;1;65
16;1995;2;48
16;1995;3;67
16;1995;4;76
16;1995;5;73
16;1995;6;92
16;1995;7;112
16;1995;8;84
16;1995;9;99
16;1995;10;52
16;1995;11;110
16;1995;12;128
16;1996;1;67
16;1996;2;85
16;1996;3;109
16;1996;4;38
16;1996;5;47
16;1996;6;118
16;1996;7;49
16;1996;8;30
16;1996;9;94
16;1996;10;105
16;1996;11;74
16;1996;12;106
16;1997;1;39
16;1997;2;92
16;1997;3;51
16;1997;4;103
16;1997;5;42
16;1997;6;44
16;1997;7;32
16;1997;8;35
16;1997;9;103
16;1997;10;38
16;1997;11;112
16;1997;12;69
16;1998;1;104
16;1998;2;118
16;1998;3;59
16;1998;4;66
16;1998;5;30
16;1998;6;80
16;1998;7;37
16;1998;8;71
16;1998;9;60
16;1998;10;112
16;1998;11;96
16;1998;12;35
16;1999;1;108
16;1999;2;90
16;1999;3;78
16;1999;4;81
16;1999;5;114
16;1999;6;42
16;1999;7;108
16;1999;8;90
16;1999;9;104
16;1999;10;124
16;1999;11;73
16;1999;12;54
16;2000;1;98
16;2000;2;77
16;2000;3;108
16;2000;4;118
16;2000;5;81
16;2000;6;98
16;2000;7;38
16;2000;8;129
16;2000;9;108
16;2000;10;119
16;2000;11;90
16;2000;12;116
16;2001;1;60
16;2001;2;45
16;2001;3;114
16;2001;4;114
16;2001;5;120
16;2001;6;92
16;2001;7;39
16;2001;8;61
16;2001;9;88
16;2001;10;119
16;2001;11;104
16;2001;12;34
16;2002;1;79
16;2002;2;52
16;2002;3;74
16;2002;4;41
16;2002;5;83
16;2002;6;42
16;2002;7;38
16;2002;8;58
16;2002;9;112
16;2002;10;113
16;2002;11;88
16;2002;12;87
16;2003;1;98
16;2003;2;75
16;2003;3;36
16;2003;4;79
16;2003;5;36
16;2003;6;97
16;2003;7;38
16;2003;8;65
16;2003;9;97
16;2003;10;76
16;2003;11;88
16;2003;12;76
16;2004;1;44
16;2004;2;35
16;2004;3;58
16;2004;4;53
16;2004;5;35
16;2004;6;89
16;2004;7;97
16;2004;8;45
16;2004;9;87
16;2004;10;68
16;2004;11;58
16;2004;12;53
16;2005;1;105
16;2005;2;113
16;2005;3;112
16;2005;4;83
16;2005;5;121
16;2005;6;104
16;2005;7;86
16;2005;8;67
16;2005;9;112
16;2005;10;39
16;2005;11;53
16;2005;12;111
16;2006;1;84
16;2006;2;53
16;2006;3;68
16;2006;4;114
16;2006;5;43
16;2006;6;99
16;2006;7;43
16;2006;8;31
16;2006;9;111
16;2006;10;59
16;2006;11;89
16;2006;12;113
16;2007;1;74
16;2007;2;42
16;2007;3;106
16;2007;4;68
16;2007;5;41
16;2007;6;33
16;2007;7;76
16;2007;8;64
16;2007;9;73
16;2007;10;121
16;2007;11;80
16;2007;12;44
16;2008;1;70
16;2008;2;54
16;2008;3;94
16;2008;4;107
16;2008;5;39
16;2008;6;126
16;2008;7;111
16;2008;8;90
16;2008;9;52
16;2008;10;48
16;2008;11;99
16;2008;12;92
16;2009;1;65
16;2009;2;126
16;2009;3;77
16;2009;4;45
16;2009;5;32
16;2009;6;36
16;2009;7;44
16;2009;8;42
16;2009;9;62
16;2009;10;116
16;2009;11;103
16;2009;12;82
16;2010;1;74
16;2010;2;41
16;2010;3;90
16;2010;4;32
16;2010;5;73
16;2010;6;59
16;2010;7;52
16;2010;8;119
16;2010;9;129
16;2010;10;112
16;2010;11;123
16;2010;12;110
17;1990;1;86
17;1990;2;44
17;1990;3;98
17;1990;4;91
17;1990;5;49
17;1990;6;109
17;1990;7;39
17;1990;8;122
17;1990;9;121
17;1990;10;63
17;1990;11;103
17;1990;12;129
17;1991;1;89
17;1991;2;116
17;1991;3;49
17;1991;4;99
17;1991;5;112
17;1991;6;107
17;1991;7;108
17;1991;8;44
17;1991;9;70
17;1991;10;108
17;1991;11;53
17;1991;12;128
17;1992;1;59
17;1992;2;85
17;1992;3;47
17;1992;4;44
17;1992;5;118
17;1992;6;70
17;1992;7;43
17;1992;8;120
17;1992;9;115
17;1992;10;98
17;1992;11;116
17;1992;12;82
17;1993;1;43
17;1993;2;112
17;1993;3;98
17;1993;4;97
17;1993;5;82
17;1993;6;113
17;1993;7;84
17;1993;8;121
17;1993;9;109
17;1993;10;57
17;1993;11;64
17;1993;12;78
17;1994;1;112
17;1994;2;77
17;1994;3;70
17;1994;4;66
17;1994;5;43
17;1994;6;118
17;1994;7;56
17;1994;8;122
17;1994;9;116
17;1994;10;89
17;1994;11;36
17;1994;12;88
17;1995;1;66
17;1995;2;33
17;1995;3;107
17;1995;4;109
17;1995;5;106
17;1995;6;36
17;1995;7;125
17;1995;8;119
17;1995;9;87
17;1995;10;32
17;1995;11;118
17;1995;12;39
17;1996;1;34
17;1996;2;59
17;1996;3;80
17;1996;4;54
17;1996;5;106
17;1996;6;63
17;1996;7;65
17;1996;8;75
17;1996;9;30
17;1996;10;124
17;1996;11;66
17;1996;12;71
17;1997;1;109
17;1997;2;96
17;1997;3;79
17;1997;4;114
17;1997;5;90
17;1997;6;71
17;1997;7;77
17;1997;8;122
17;1997;9;93
17;1997;10;98
17;1997;11;122
17;1997;12;79
17;1998;1;38
17;1998;2;68
17;1998;3;82
17;1998;4;38
17;1998;5;44
17;1998;6;80
17;1998;7;51
17;1998;8;85
17;1998;9;74
17;1998;10;86
17;1998;11;108
17;1998;12;117
17;1999;1;110
17;1999;2;113
17;1999;3;63
17;1999;4;63
17;1999;5;63
17;1999;6;42
17;1999;7;59
17;1999;8;50
17;1999;9;117
17;1999;10;117
17;1999;11;71
17;1999;12;107
17;2000;1;55
17;2000;2;111
17;2000;3;108
17;2000;4;85
17;2000;5;109
17;2000;6;46
17;2000;7;68
17;2000;8;112
17;2000;9;129
17;2000;10;104
17;2000;11;103
17;2000;12;41
17;2001;1;65
17;2001;2;62
17;2001;3;36
17;2001;4;38
17;2001;5;31
17;2001;6;51
17;2001;7;107
17;2001;8;86
17;2001;9;49
17;2001;10;74
17;2001;11;125
17;2001;12;80
17;2002;1;97
17;2002;2;118
17;2002;3;112
17;2002;4;125
17;2002;5;48
17;2002;6;89
17;2002;7;64
17;2002;8;104
17;2002;9;76
17;2002;10;125
17;2002;11;54
17;2002;12;119
17;2003;1;59
17;2003;2;54
17;2003;3;62
17;2003;4;71
17;2003;5;98
17;2003;6;57
17;2003;7;104
17;2003;8;57
17;2003;9;37
17;2003;10;98
17;2003;11;84
17;2003;12;95
17;2004;1;54
17;2004;2;119
17;2004;3;35
17;2004;4;64
17;2004;5;57
17;2004;6;41
17;2004;7;76
17;2004;8;108
17;2004;9;71
17;2004;10;87
17;2004;11;118
17;2004;12;108
17;2005;1;62
17;2005;2;111
17;2005;3;48
17;2005;4;92
17;2005;5;122
17;2005;6;89
17;2005;7;122
17;2005;8;88
17;2005;9;124
17;2005;10;79
17;2005;11;115
17;2005;12;39
17;2006;1;71
17;2006;2;120
17;2006;3;82
17;2006;4;89
17;2006;5;108
17;2006;6;71
17;2006;7;72
17;2006;8;84
17;2006;9;109
17;2006;10;123
17;2006;11;100
17;2006;12;33
17;2007;1;115
17;2007;2;118
17;2007;3;33
17;2007;4;98
17;2007;5;68
17;2007;6;69
17;2007;7;47
17;2007;8;94
17;2007;9;109
17;2007;10;59
17;2007;11;117
17;2007;12;83
17;2008;1;103
17;2008;2;58
17;2008;3;53
17;2008;4;127
17;2008;5;123
17;2008;6;74
17;2008;7;56
17;2008;8;89
17;2008;9;79
17;2008;10;112
17;2008;11;101
17;2008;12;85
17;2009;1;126
17;2009;2;109
17;2009;3;57
17;2009;4;43
17;2009;5;37
17;2009;6;114
17;2009;7;94
17;2009;8;66
17;2009;9;30
17;2009;10;66
17;2009;11;70
17;2009;12;44
17;2010;1;99
17;2010;2;118
17;2010;3;48
17;2010;4;90
17;2010;5;119
17;2010;6;40
17;2010;7;98
17;2010;8;70
17;2010;9;126
17;2010;10;84
17;2010;11;92
17;2010;12;87
18;1990;1;111
18;1990;2;102
18;1990;3;77
18;1990;4;102
18;1990;5;86
18;1990;6;31
18;1990;7;123
18;1990;8;96
18;1990;9;52
18;1990;10;73
18;1990;11;68
18;1990;12;33
18;1991;1;40
18;1991;2;52
18;1991;3;44
18;1991;4;49
18;1991;5;117
18;1991;6;48
18;1991;7;44
18;1991;8;59
18;1991;9;60
18;1991;10;119
18;1991;11;116
18;1991;12;77
18;1992;1;32
18;1992;2;75
18;1992;3;94
18;1992;4;70
18;1992;5;79
18;1992;6;72
18;1992;7;33
18;1992;8;93
18;1992;9;108
18;1992;10;108
18;1992;11;78
18;1992;12;86
18;1993;1;54
18;1993;2;85
18;1993;3;77
18;1993;4;74
18;1993;5;106
18;1993;6;113
18;1993;7;90
18;1993;8;115
18;1993;9;106
18;1993;10;96
18;1993;11;63
18;1993;12;72
18;1994;1;92
18;1994;2;76
18;1994;3;75
18;1994;4;32
18;1994;5;92
18;1994;6;90
18;1994;7;53
18;1994;8;127
18;1994;9;39
18;1994;10;104
18;1994;11;128
18;1994;12;64
18;1995;1;121
18;1995;2;125
18;1995;3;83
18;1995;4;34
18;1995;5;129
18;1995;6;120
18;1995;7;30
18;1995;8;115
18;1995;9;52
18;1995;10;101
18;1995;11;87
18;1995;12;53
18;1996;1;111
18;1996;2;122
18;1996;3;95
18;1996;4;78
18;1996;5;87
18;1996;6;42
18;1996;7;51
18;1996;8;85
18;1996;9;66
18;1996;10;72
18;1996;11;123
18;1996;12;75
18;1997;1;111
18;1997;2;45
18;1997;3;44
18;1997;4;44
18;1997;5;99
18;1997;6;116
18;1997;7;81
18;1997;8;65
18;1997;9;88
18;1997;10;54
18;1997;11;42
18;1997;12;127
18;1998;1;105
18;1998;2;30
18;1998;3;75
18;1998;4;61
18;1998;5;35
18;1998;6;54
18;1998;7;94
18;1998;8;81
18;1998;9;98
18;1998;10;116
18;1998;11;54
18;1998;12;124
18;1999;1;77
18;1999;2;64
18;1999;3;112
18;1999;4;82
18;1999;5;82
18;1999;6;83
18;1999;7;107
18;1999;8;92
18;1999;9;48
18;1999;10;96
18;1999;11;106
18;1999;12;61
18;2000;1;88
18;2000;2;93
18;2000;3;70
18;2000;4;122
18;2000;5;46
18;2000;6;86
18;2000;7;115
18;2000;8;100
18;2000;9;60
18;2000;10;113
18;2000;11;47
18;2000;12;126
18;2001;1;31
18;2001;2;49
18;2001;3;95
18;2001;4;76
18;2001;5;35
18;2001;6;83
18;2001;7;122
18;2001;8;127
18;2001;9;76
18;2001;10;127
18;2001;11;88
18;2001;12;86
18;2002;1;89
18;2002;2;36
18;2002;3;35
18;2002;4;87
18;2002;5;85
18;2002;6;121
18;2002;7;73
18;2002;8;120
18;2002;9;48
18;2002;10;110
18;2002;11;121
18;2002;12;55
18;2003;1;30
18;2003;2;116
18;2003;3;105
18;2003;4;88
18;2003;5;57
18;2003;6;82
18;2003;7;87
18;2003;8;98
18;2003;9;38
18;2003;10;41
18;2003;11;36
18;2003;12;65
18;2004;1;44
18;2004;2;104
18;2004;3;84
18;2004;4;88
18;2004;5;127
18;2004;6;107
18;2004;7;128
18;2004;8;111
18;2004;9;35
18;2004;10;101
18;2004;11;35
18;2004;12;61
18;2005;1;78
18;2005;2;47
18;2005;3;49
18;2005;4;98
18;2005;5;118
18;2005;6;83
18;2005;7;53
18;2005;8;49
18;2005;9;123
18;2005;10;73
18;2005;11;35
18;2005;12;85
18;2006;1;31
18;2006;2;45
18;2006;3;101
18;2006;4;124
18;2006;5;53
18;2006;6;35
18;2006;7;119
18;2006;8;43
18;2006;9;76
18;2006;10;68
18;2006;11;87
18;2006;12;82
18;2007;1;109
18;2007;2;35
18;2007;3;72
18;2007;4;51
18;2007;5;46
18;2007;6;66
18;2007;7;92
18;2007;8;95
18;2007;9;55
18;2007;10;62
18;2007;11;55
18;2007;12;66
18;2008;1;101
18;2008;2;100
18;2008;3;84
18;2008;4;77
18;2008;5;116
18;2008;6;34
18;2008;7;84
18;2008;8;89
18;2008;9;33
18;2008;10;120
18;2008;11;45
18;2008;12;98
18;2009;1;117
18;2009;2;59
18;2009;3;57
18;2009;4;98
18;2009;5;128
18;2009;6;84
18;2009;7;81
18;2009;8;64
18;2009;9;30
18;2009;10;36
18;2009;11;31
18;2009;12;103
18;2010;1;104
18;2010;2;99
18;2010;3;43
18;2010;4;41
18;2010;5;30
18;2010;6;82
18;2010;7;62
18;2010;8;117
18;2010;9;93
18;2010;10;52
18;2010;11;89
18;2010;12;85
19;1990;1;82
19;1990;2;127
19;1990;3;61
19;1990;4;53
19;1990;5;73
19;1990;6;68
19;1990;7;105
19;1990;8;106
19;1990;9;105
19;1990;10;89
19;1990;11;57
19;1990;12;30
19;1991;1;95
19;1991;2;105
19;1991;3;93
19;1991;4;61
19;1991;5;49
19;1991;6;45
19;1991;7;117
19;1991;8;65
19;1991;9;108
19;1991;10;118
19;1991;11;64
19;1991;12;87
19;1992;1;118
19;1992;2;107
19;1992;3;82
19;1992;4;121
19;1992;5;103
19;1992;6;100
19;1992;7;60
19;1992;8;74
19;1992;9;44
19;1992;10;37
19;1992;11;78
19;1992;12;102
19;1993;1;37
19;1993;2;59
19;1993;3;119
19;1993;4;74
19;1993;5;36
19;1993;6;101
19;1993;7;100
19;1993;8;83
19;1993;9;44
19;1993;10;89
19;1993;11;76
19;1993;12;78
19;1994;1;58
19;1994;2;123
19;1994;3;102
19;1994;4;101
19;1994;5;103
19;1994;6;32
19;1994;7;53
19;1994;8;58
19;1994;9;101
19;1994;10;117
19;1994;11;88
19;1994;12;62
19;1995;1;114
19;1995;2;98
19;1995;3;42
19;1995;4;103
19;1995;5;49
19;1995;6;63
19;1995;7;63
19;1995;8;129
19;1995;9;85
19;1995;10;78
19;1995;11;108
19;1995;12;64
19;1996;1;73
19;1996;2;83
19;1996;3;60
19;1996;4;68
19;1996;5;124
19;1996;6;52
19;1996;7;117
19;1996;8;41
19;1996;9;101
19;1996;10;100
19;1996;11;72
19;1996;12;49
19;1997;1;46
19;1997;2;65
19;1997;3;55
19;1997;4;96
19;1997;5;57
19;1997;6;96
19;1997;7;82
19;1997;8;57
19;1997;9;115
19;1997;10;40
19;1997;11;52
19;1997;12;50
19;1998;1;68
19;1998;2;30
19;1998;3;119
19;1998;4;59
19;1998;5;127
19;1998;6;87
19;1998;7;70
19;1998;8;94
19;1998;9;117
19;1998;10;51
19;1998;11;30
19;1998;12;104
19;1999;1;107
19;1999;2;66
19;1999;3;101
19;1999;4;100
19;1999;5;64
19;1999;6;99
19;1999;7;104
19;1999;8;98
19;1999;9;71
19;1999;10;97
19;1999;11;123
19;1999;12;49
19;2000;1;129
19;2000;2;30
19;2000;3;122
19;2000;4;104
19;2000;5;59
19;2000;6;57
19;2000;7;104
19;2000;8;84
19;2000;9;52
19;2000;10;53
19;2000;11;41
19;2000;12;124
19;2001;1;96
19;2001;2;116
19;2001;3;54
19;2001;4;47
19;2001;5;77
19;2001;6;83
19;2001;7;125
19;2001;8;76
19;2001;9;128
19;2001;10;59
19;2001;11;43
19;2001;12;82
19;2002;1;121
19;2002;2;113
19;2002;3;113
19;2002;4;35
19;2002;5;102
19;2002;6;35
19;2002;7;67
19;2002;8;115
19;2002;9;105
19;2002;10;94
19;2002;11;72
19;2002;12;56
19;2003;1;106
19;2003;2;106
19;2003;3;65
19;2003;4;66
19;2003;5;116
19;2003;6;121
19;2003;7;117
19;2003;8;32
19;2003;9;53
19;2003;10;78
19;2003;11;126
19;2003;12;104
19;2004;1;72
19;2004;2;103
19;2004;3;33
19;2004;4;36
19;2004;5;96
19;2004;6;93
19;2004;7;121
19;2004;8;74
19;2004;9;66
19;2004;10;118
19;2004;11;74
19;2004;12;47
19;2005;1;88
19;2005;2;129
19;2005;3;42
19;2005;4;46
19;2005;5;32
19;2005;6;106
19;2005;7;45
19;2005;8;33
19;2005;9;77
19;2005;10;124
19;2005;11;118
19;2005;12;97
19;2006;1;69
19;2006;2;87
19;2006;3;115
19;2006;4;93
19;2006;5;110
19;2006;6;86
19;2006;7;87
19;2006;8;117
19;2006;9;79
19;2006;10;98
19;2006;11;66
19;2006;12;46
19;2007;1;115
19;2007;2;90
19;2007;3;106
19;2007;4;51
19;2007;5;74
19;2007;6;94
19;2007;7;114
19;2007;8;36
19;2007;9;114
19;2007;10;51
19;2007;11;109
19;2007;12;110
19;2008;1;98
19;2008;2;38
19;2008;3;56
19;2008;4;69
19;2008;5;72
19;2008;6;43
19;2008;7;62
19;2008;8;107
19;2008;9;101
19;2008;10;33
19;2008;11;104
19;2008;12;75
19;2009;1;104
19;2009;2;113
19;2009;3;39
19;2009;4;39
19;2009;5;57
19;2009;6;91
19;2009;7;39
19;2009;8;98
19;2009;9;62
19;2009;10;127
19;2009;11;124
19;2009;12;121
19;2010;1;84
19;2010;2;88
19;2010;3;123
19;2010;4;125
19;2010;5;40
19;2010;6;43
19;2010;7;80
19;2010;8;39
19;2010;9;73
19;2010;10;90
19;2010;11;81
19;2010;12;56
20;1990;1;76
20;1990;2;75
20;1990;3;83
20;1990;4;32
20;1990;5;55
20;1990;6;37
20;1990;7;105
20;1990;8;116
20;1990;9;32
20;1990;10;125
20;1990;11;60
20;1990;12;121
20;1991;1;128
20;1991;2;98
20;1991;3;85
20;1991;4;103
20;1991;5;87
20;1991;6;81
20;1991;7;88
20;1991;8;36
20;1991;9;104
20;1991;10;35
20;1991;11;121
20;1991;12;34
20;1992;1;111
20;1992;2;95
20;1992;3;60
20;1992;4;75
20;1992;5;67
20;1992;6;56
20;1992;7;47
20;1992;8;50
20;1992;9;43
20;1992;10;88
20;1992;11;129
20;1992;12;123
20;1993;1;122
20;1993;2;52
20;1993;3;112
20;1993;4;56
20;1993;5;75
20;1993;6;41
20;1993;7;101
20;1993;8;30
20;1993;9;52
20;1993;10;125
20;1993;11;55
20;1993;12;123
20;1994;1;122
20;1994;2;77
20;1994;3;97
20;1994;4;123
20;1994;5;93
20;1994;6;108
20;1994;7;90
20;1994;8;79
20;1994;9;67
20;1994;10;81
20;1994;11;95
20;1994;12;52
20;1995;1;45
20;1995;2;85
20;1995;3;102
20;1995;4;76
20;1995;5;42
20;1995;6;113
20;1995;7;54
20;1995;8;70
20;1995;9;54
20;1995;10;57
20;1995;11;109
20;1995;12;37
20;1996;1;57
20;1996;2;124
20;1996;3;62
20;1996;4;92
20;1996;5;71
20;1996;6;33
20;1996;7;55
20;1996;8;119
20;1996;9;30
20;1996;10;73
20;1996;11;76
20;1996;12;123
20;1997;1;124
20;1997;2;70
20;1997;3;59
20;1997;4;55
20;1997;5;33
20;1997;6;97
20;1997;7;63
20;1997;8;64
20;1997;9;49
20;1997;10;96
20;1997;11;55
20;1997;12;125
20;1998;1;81
20;1998;2;113
20;1998;3;117
20;1998;4;115
20;1998;5;64
20;1998;6;123
20;1998;7;95
20;1998;8;129
20;1998;9;33
20;1998;10;35
20;1998;11;80
20;1998;12;82
20;1999;1;116
20;1999;2;118
20;1999;3;42
20;1999;4;38
20;1999;5;129
20;1999;6;78
20;1999;7;126
20;1999;8;89
20;1999;9;41
20;1999;10;121
20;1999;11;41
20;1999;12;66
20;2000;1;112
20;2000;2;91
20;2000;3;38
20;2000;4;95
20;2000;5;76
20;2000;6;113
20;2000;7;58
20;2000;8;92
20;2000;9;92
20;2000;10;38
20;2000;11;49
20;2000;12;65
20;2001;1;89
20;2001;2;64
20;2001;3;118
20;2001;4;75
20;2001;5;63
20;2001;6;68
20;2001;7;56
20;2001;8;129
20;2001;9;91
20;2001;10;88
20;2001;11;70
20;2001;12;56
20;2002;1;33
20;2002;2;66
20;2002;3;79
20;2002;4;66
20;2002;5;123
20;2002;6;106
20;2002;7;124
20;2002;8;121
20;2002;9;32
20;2002;10;43
20;2002;11;101
20;2002;12;93
20;2003;1;125
20;2003;2;79
20;2003;3;56
20;2003;4;34
20;2003;5;94
20;2003;6;122
20;2003;7;112
20;2003;8;59
20;2003;9;80
20;2003;10;115
20;2003;11;33
20;2003;12;109
20;2004;1;82
20;2004;2;98
20;2004;3;121
20;2004;4;128
20;2004;5;30
20;2004;6;127
20;2004;7;61
20;2004;8;116
20;2004;9;91
20;2004;10;34
20;2004;11;64
20;2004;12;84
20;2005;1;118
20;2005;2;87
20;2005;3;90
20;2005;4;42
20;2005;5;98
20;2005;6;116
20;2005;7;33
20;2005;8;55
20;2005;9;30
20;2005;10;123
20;2005;11;38
20;2005;12;42
20;2006;1;69
20;2006;2;50
20;2006;3;126
20;2006;4;119
20;2006;5;60
20;2006;6;45
20;2006;7;119
20;2006;8;64
20;2006;9;83
20;2006;10;100
20;2006;11;87
20;2006;12;99
20;2007;1;91
20;2007;2;54
20;2007;3;87
20;2007;4;100
20;2007;5;76
20;2007;6;127
20;2007;7;80
20;2007;8;89
20;2007;9;105
20;2007;10;56
20;2007;11;120
20;2007;12;63
20;2008;1;108
20;2008;2;127
20;2008;3;37
20;2008;4;99
20;2008;5;108
20;2008;6;65
20;2008;7;79
20;2008;8;65
20;2008;9;47
20;2008;10;104
20;2008;11;87
20;2008;12;36
20;2009;1;31
20;2009;2;91
20;2009;3;84
20;2009;4;54
20;2009;5;76
20;2009;6;44
20;2009;7;92
20;2009;8;69
20;2009;9;79
20;2009;10;115
20;2009;11;119
20;2009;12;56
20;2010;1;85
20;2010;2;82
20;2010;3;91
20;2010;4;54
20;2010;5;45
20;2010;6;108
20;2010;7;40
20;2010;8;41
20;2010;9;50
20;2010;10;86
20;2010;11;71
20;2010;12;30
